ID,Code,Name,attack_type,Rangedamage,Delayed_Rangedamage,skill_cannon,special_wprange,Slv,Calculation,element,hits,Critical_hit,combo,combo_element,combo_hits,monster_race,skill_buff,Special_Calculation,combo_Special_Calculation,Special_Critical_hit,skill_SpecialATK,half_bypass_def,half_bypass_res,decay_hits,bonus_add,bonus_step
1,NV_BASIC,基本技能,magic,0,,0,,1,0,0,1,,,,,,觸發特殊,,,,,0,0,,,
2,SM_SWORD,單手劍使用熟練度,,,,,,,,0,0,,,,,,,,,,,,,,,
3,SM_TWOHAND,雙手劍使用熟練度,,,,,,,,0,0,,,,,,,,,,,,,,,
4,SM_RECOVERY,快速恢復,,,,,,,,0,0,,,,,,,,,,,,,,,
5,SM_BASH,狂擊,,,,,,,,0,0,,,,,,,,,,,,,,,
6,SM_PROVOKE,挑釁,,,,,,,,0,0,,,,,,,,,,,,,,,
7,SM_MAGNUM,怒爆,,,,,,,,0,0,,,,,,,,,,,,,,,
8,SM_ENDURE,霸體,,,,,,,,0,0,,,,,,,,,,,,,,,
9,MG_SRECOVERY,禪心,,,,,,,,0,0,,,,,,,,,,,,,,,
10,MG_SIGHT,火狩,,,,,,,,0,0,,,,,,,,,,,,,,,
11,MG_NAPALMBEAT,心靈爆破,,,,,,,,0,0,,,,,,,,,,,,,,,
12,MG_SAFETYWALL,暗之障壁,,,,,,,,0,0,,,,,,,,,,,,,,,
13,MG_SOULSTRIKE,聖靈召喚,,,,,,,,0,0,,,,,,,,,,,,,,,
14,MG_COLDBOLT,冰箭術,,,,,,,,0,0,,,,,,,,,,,,,,,
15,MG_FROSTDIVER,冰凍術,,,,,,,,0,0,,,,,,,,,,,,,,,
16,MG_STONECURSE,石化術,,,,,,,,0,0,,,,,,,,,,,,,,,
17,MG_FIREBALL,火球術,,,,,,,,0,0,,,,,,,,,,,,,,,
18,MG_FIREWALL,火焰之壁,,,,,,,,0,0,,,,,,,,,,,,,,,
19,MG_FIREBOLT,火箭術,,,,,,,,0,0,,,,,,,,,,,,,,,
20,MG_LIGHTNINGBOLT,雷擊術,,,,,,,,0,0,,,,,,,,,,,,,,,
21,MG_THUNDERSTORM,雷爆術,,,,,,,,0,0,,,,,,,,,,,,,,,
22,AL_DP,天使之護,,,,,,,,0,0,,,,,,,,,,,,,,,
23,AL_DEMONBANE,天使之擊,,,,,,,,0,0,,,,,,,,,,,,,,,
24,AL_RUWACH,光獵,,,,,,,,0,0,,,,,,,,,,,,,,,
25,AL_PNEUMA,光之障壁,,,,,,,,0,0,,,,,,,,,,,,,,,
26,AL_TELEPORT,瞬間移動,,,,,,,,0,0,,,,,,,,,,,,,,,
27,AL_WARP,傳送之陣,,,,,,,,0,0,,,,,,,,,,,,,,,
28,AL_HEAL,治癒術,,,,,,,,0,0,,,,,,,,,,,,,,,
29,AL_INCAGI,加速術,,,,,,,,0,0,,,,,,,,,,,,,,,
30,AL_DECAGI,緩速術,,,,,,,,0,0,,,,,,,,,,,,,,,
31,AL_HOLYWATER,天使之淚,,,,,,,,0,0,,,,,,,,,,,,,,,
32,AL_CRUCIS,天使之光,,,,,,,,0,0,,,,,,,,,,,,,,,
33,AL_ANGELUS,天使之障壁,,,,,,,,0,0,,,,,,,,,,,,,,,
34,AL_BLESSING,天使之賜福,,,,,,,,0,0,,,,,,,,,,,,,,,
35,AL_CURE,治療術,,,,,,,,0,0,,,,,,,,,,,,,,,
36,MC_INCCARRY,負重量上升,,,,,,,,0,0,,,,,,,,,,,,,,,
37,MC_DISCOUNT,低價買進,,,,,,,,0,0,,,,,,,,,,,,,,,
38,MC_OVERCHARGE,高價賣出,,,,,,,,0,0,,,,,,,,,,,,,,,
39,MC_PUSHCART,手推車使用,,,,,,,,0,0,,,,,,,,,,,,,,,
40,MC_IDENTIFY,物品鑑定,,,,,,,,0,0,,,,,,,,,,,,,,,
41,MC_VENDING,露天商店,,,,,,,,0,0,,,,,,,,,,,,,,,
42,MC_MAMMONITE,金錢攻擊,,,,,,,,0,0,,,,,,,,,,,,,,,
43,AC_OWL,鶚梟之眼,,,,,,,,0,0,,,,,,,,,,,,,,,
44,AC_VULTURE,蒼鷹之眼,,,,,,,,0,0,,,,,,,,,,,,,,,
45,AC_CONCENTRATION,心神凝聚,,,,,,,,0,0,,,,,,,,,,,,,,,
46,AC_DOUBLE,二連矢,,,,,,,,0,0,,,,,,,,,,,,,,,
47,AC_SHOWER,箭雨,,,,,,,,0,0,,,,,,,,,,,,,,,
48,TF_DOUBLE,二刀連擊,,,,,,,,0,0,,,,,,,,,,,,,,,
49,TF_MISS,殘影,,,,,,,,0,0,,,,,,,,,,,,,,,
50,TF_STEAL,偷竊,,,,,,,,0,0,,,,,,,,,,,,,,,
51,TF_HIDING,隱匿,,,,,,,,0,0,,,,,,,,,,,,,,,
52,TF_POISON,施毒,,,,,,,,0,0,,,,,,,,,,,,,,,
53,TF_DETOXIFY,解毒,,,,,,,,0,0,,,,,,,,,,,,,,,
54,ALL_RESURRECTION,復活術,,,,,,,,0,0,,,,,,,,,,,,,,,
55,KN_SPEARMASTERY,長矛使用熟練度,,,,,,,,0,0,,,,,,,,,,,,,,,
56,KN_PIERCE,連刺攻擊,,,,,,,,0,0,,,,,,,,,,,,,,,
57,KN_BRANDISHSPEAR,騎乘攻擊,,,,,,,,0,0,,,,,,,,,,,,,,,
58,KN_SPEARSTAB,長矛刺擊,,,,,,,,0,0,,,,,,,,,,,,,,,
59,KN_SPEARBOOMERANG,投擲長矛攻擊,,,,,,,,0,0,,,,,,,,,,,,,,,
60,KN_TWOHANDQUICKEN,雙手劍攻擊速度增加,,,,,,,,0,0,,,,,,,,,,,,,,,
61,KN_AUTOCOUNTER,反擊,,,,,,,,0,0,,,,,,,,,,,,,,,
62,KN_BOWLINGBASH,怪物互擊,,,,,,,,0,0,,,,,,,,,,,,,,,
63,KN_RIDING,騎乘術,,,,,,,,0,0,,,,,,,,,,,,,,,
64,KN_CAVALIERMASTERY,騎兵修練,,,,,,,,0,0,,,,,,,,,,,,,,,
65,PR_MACEMASTERY,權杖使用熟練度,,,,,,,,0,0,,,,,,,,,,,,,,,
66,PR_IMPOSITIO,神威祈福,,,,,,,,0,0,,,,,,,,,,,,,,,
67,PR_SUFFRAGIUM,犧牲祈福,,,,,,,,0,0,,,,,,,,,,,,,,,
68,PR_ASPERSIO,撒水祈福,,,,,,,,0,0,,,,,,,,,,,,,,,
69,PR_BENEDICTIO,聖之祈福,,,,,,,,0,0,,,,,,,,,,,,,,,
70,PR_SANCTUARY,光耀之堂,,,,,,,,0,0,,,,,,,,,,,,,,,
71,PR_SLOWPOISON,緩毒術,,,,,,,,0,0,,,,,,,,,,,,,,,
72,PR_STRECOVERY,痊癒術,,,,,,,,0,0,,,,,,,,,,,,,,,
73,PR_KYRIE,霸邪之陣,,,,,,,,0,0,,,,,,,,,,,,,,,
74,PR_MAGNIFICAT,聖母之頌歌,,,,,,,,0,0,,,,,,,,,,,,,,,
75,PR_GLORIA,幸運之頌歌,,,,,,,,0,0,,,,,,,,,,,,,,,
76,PR_LEXDIVINA,沉默之術,,,,,,,,0,0,,,,,,,,,,,,,,,
77,PR_TURNUNDEAD,轉生術,,,,,,,,0,0,,,,,,,,,,,,,,,
78,PR_LEXAETERNA,天使之怒,,,,,,,,0,0,,,,,,,,,,,,,,,
79,PR_MAGNUS,十字驅魔攻擊,magic,0,,0,,10,100,6,Sklv,,,,,,,,,,,0,0,,,
80,WZ_FIREPILLAR,火柱攻擊,,,,,,,,0,0,,,,,,,,,,,,,,,
81,WZ_SIGHTRASHER,火之獵殺,,,,,,,,0,0,,,,,,,,,,,,,,,
82,WZ_FIREIVY,火焰藤蔓,,,,,,,,0,0,,,,,,,,,,,,,,,
83,WZ_METEOR,隕石術,,,,,,,,0,0,,,,,,,,,,,,,,,
84,WZ_JUPITEL,雷鳴術,,,,,,,,0,0,,,,,,,,,,,,,,,
85,WZ_VERMILION,怒雷強擊,,,,,,,,0,0,,,,,,,,,,,,,,,
86,WZ_WATERBALL,水球術,,,,,,,,0,0,,,,,,,,,,,,,,,
87,WZ_ICEWALL,冰刃之牆,,,,,,,,0,0,,,,,,,,,,,,,,,
88,WZ_FROSTNOVA,霜凍之術,,,,,,,,0,0,,,,,,,,,,,,,,,
89,WZ_STORMGUST,暴風雪,,,,,,,,0,0,,,,,,,,,,,,,,,
90,WZ_EARTHSPIKE,地震術,,,,,,,,0,0,,,,,,,,,,,,,,,
91,WZ_HEAVENDRIVE,崩裂術,,,,,,,,0,0,,,,,,,,,,,,,,,
92,WZ_QUAGMIRE,泥沼地,,,,,,,,0,0,,,,,,,,,,,,,,,
93,WZ_ESTIMATION,怪物情報,,,,,,,,0,0,,,,,,,,,,,,,,,
94,BS_IRON,鐵製造,,,,,,,,0,0,,,,,,,,,,,,,,,
95,BS_STEEL,鋼製造,,,,,,,,0,0,,,,,,,,,,,,,,,
96,BS_ENCHANTEDSTONE,屬性石製造,,,,,,,,0,0,,,,,,,,,,,,,,,
97,BS_ORIDEOCON,神之金屬研究,,,,,,,,0,0,,,,,,,,,,,,,,,
98,BS_DAGGER,短劍製作,,,,,,,,0,0,,,,,,,,,,,,,,,
99,BS_SWORD,劍製作,,,,,,,,0,0,,,,,,,,,,,,,,,
100,BS_TWOHANDSWORD,雙手劍製作,,,,,,,,0,0,,,,,,,,,,,,,,,
101,BS_AXE,斧頭製作,,,,,,,,0,0,,,,,,,,,,,,,,,
102,BS_MACE,權杖製作,,,,,,,,0,0,,,,,,,,,,,,,,,
103,BS_KNUCKLE,拳套製作,,,,,,,,0,0,,,,,,,,,,,,,,,
104,BS_SPEAR,長矛製作,,,,,,,,0,0,,,,,,,,,,,,,,,
105,BS_HILTBINDING,武器保有,,,,,,,,0,0,,,,,,,,,,,,,,,
106,BS_FINDINGORE,尋找礦石,,,,,,,,0,0,,,,,,,,,,,,,,,
107,BS_WEAPONRESEARCH,武器研究,,,,,,,,0,0,,,,,,,,,,,,,,,
108,BS_REPAIRWEAPON,武器修理,,,,,,,,0,0,,,,,,,,,,,,,,,
109,BS_SKINTEMPER,強化火屬性,,,,,,,,0,0,,,,,,,,,,,,,,,
110,BS_HAMMERFALL,大地之擊,,,,,,,,0,0,,,,,,,,,,,,,,,
111,BS_ADRENALINE,速度激發,,,,,,,,0,0,,,,,,,,,,,,,,,
112,BS_WEAPONPERFECT,無視體型攻擊,,,,,,,,0,0,,,,,,,,,,,,,,,
113,BS_OVERTHRUST,凶砍,,,,,,,,0,0,,,,,,,,,,,,,,,
114,BS_MAXIMIZE,武器值最大化,,,,,,,,0,0,,,,,,,,,,,,,,,
115,HT_SKIDTRAP,滑動陷阱,,,,,,,,0,0,,,,,,,,,,,,,,,
116,HT_LANDMINE,地雷陷阱,physical,0,,,,,,0,0,-1,,,,,,,,,,,,,,
117,HT_ANKLESNARE,定位陷阱,,,,,,,,0,0,,,,,,,,,,,,,,,
118,HT_SHOCKWAVE,魔耗陷阱,,,,,,,,0,0,,,,,,,,,,,,,,,
119,HT_SANDMAN,睡魔陷阱,,,,,,,,0,0,,,,,,,,,,,,,,,
120,HT_FLASHER,強光陷阱,,,,,,,,0,0,,,,,,,,,,,,,,,
121,HT_FREEZINGTRAP,霜凍陷阱,,,,,,,,0,0,,,,,,,,,,,,,,,
122,HT_BLASTMINE,定時爆炸陷阱,physical,0,,,,,,0,0,-1,,,,,,,,,,,,,,
123,HT_CLAYMORETRAP,爆散陷阱,physical,0,,,,,,0,0,-1,,,,,,,,,,,,,,
124,HT_REMOVETRAP,陷阱移除,,,,,,,,0,0,,,,,,,,,,,,,,,
125,HT_TALKIEBOX,陷阱探查,,,,,,,,0,0,,,,,,,,,,,,,,,
126,HT_BEASTBANE,動物殺手,,,,,,,,0,0,,,,,,,,,,,,,,,
127,HT_FALCON,馴鷹術,,,,,,,,0,0,,,,,,,,,,,,,,,
128,HT_STEELCROW,鋼製喙,,,,,,,,0,0,,,,,,,,,,,,,,,
129,HT_BLITZBEAT,閃電衝擊,physical,0,,,,,,0,0,-1,,,,,,,,,,,,,,
130,HT_DETECTING,獵鷹尋敵,,,,,,,,0,0,,,,,,,,,,,,,,,
131,HT_SPRINGTRAP,爆破陷阱,,,,,,,,0,0,,,,,,,,,,,,,,,
132,AS_RIGHT,右手修練,,,,,,,,0,0,,,,,,,,,,,,,,,
133,AS_LEFT,左手修練,,,,,,,,0,0,,,,,,,,,,,,,,,
134,AS_KATAR,拳刃修練,,,,,,,,0,0,,,,,,,,,,,,,,,
135,AS_CLOAKING,偽裝,,,,,,,,0,0,,,,,,,,,,,,,,,
136,AS_SONICBLOW,音速投擲,,,,,,,,0,0,,,,,,,,,,,,,,,
137,AS_GRIMTOOTH,無影之牙,,,,,,,,0,0,,,,,,,,,,,,,,,
138,AS_ENCHANTPOISON,塗毒,,,,,,,,0,0,,,,,,,,,,,,,,,
139,AS_POISONREACT,毒性反彈,,,,,,,,0,0,,,,,,,,,,,,,,,
140,AS_VENOMDUST,病毒散撥,,,,,,,,0,0,,,,,,,,,,,,,,,
141,AS_SPLASHER,毒性感染,,,,,,,,0,0,,,,,,,,,,,,,,,
142,NV_FIRSTAID,緊急治療,,,,,,,,0,0,,,,,,,,,,,,,,,
143,NV_TRICKDEAD,裝死,,,,,,,,0,0,,,,,,,,,,,,,,,
144,SM_MOVINGRECOVERY,移動時恢復HP,,,,,,,,0,0,,,,,,,,,,,,,,,
145,SM_FATALBLOW,攻擊弱點,,,,,,,,0,0,,,,,,,,,,,,,,,
146,SM_AUTOBERSERK,狂暴狀態,,,,,,,,0,0,,,,,,,,,,,,,,,
147,AC_MAKINGARROW,製作箭,,,,,,,,0,0,,,,,,,,,,,,,,,
148,AC_CHARGEARROW,衝鋒箭,,,,,,,,0,0,,,,,,,,,,,,,,,
149,TF_SPRINKLESAND,噴砂,,,,,,,,0,0,,,,,,,,,,,,,,,
150,TF_BACKSLIDING,後退迴避,,,,,,,,0,0,,,,,,,,,,,,,,,
151,TF_PICKSTONE,撿石頭,,,,,,,,0,0,,,,,,,,,,,,,,,
152,TF_THROWSTONE,投擲石頭,physical,0,,,,,,0,0,-1,,,,,,,,,,,,,,
153,MC_CARTREVOLUTION,手推車攻擊,,,,,,,,0,0,,,,,,,,,,,,,,,
154,MC_CHANGECART,改裝手推車,,,,,,,,0,0,,,,,,,,,,,,,,,
155,MC_LOUD,大聲吶喊,,,,,,,,0,0,,,,,,,,,,,,,,,
156,AL_HOLYLIGHT,神聖之光,,,,,,,,0,0,,,,,,,,,,,,,,,
157,MG_ENERGYCOAT,能量外套,,,,,,,,0,0,,,,,,,,,,,,,,,
210,RG_SNATCHER,強奪,,,,,,,,0,0,,,,,,,,,,,,,,,
211,RG_STEALCOIN,偷錢,,,,,,,,0,0,,,,,,,,,,,,,,,
212,RG_BACKSTAP,背刺,,,,,,,,0,0,,,,,,,,,,,,,,,
213,RG_TUNNELDRIVE,潛遁,,,,,,,,0,0,,,,,,,,,,,,,,,
214,RG_RAID,潛擊,,,,,,,,0,0,,,,,,,,,,,,,,,
215,RG_STRIPWEAPON,卸除武器,,,,,,,,0,0,,,,,,,,,,,,,,,
216,RG_STRIPSHIELD,卸除盾牌,,,,,,,,0,0,,,,,,,,,,,,,,,
217,RG_STRIPARMOR,卸除鎧甲,,,,,,,,0,0,,,,,,,,,,,,,,,
218,RG_STRIPHELM,卸除頭盔,,,,,,,,0,0,,,,,,,,,,,,,,,
219,RG_INTIMIDATE,脅持,,,,,,,,0,0,,,,,,,,,,,,,,,
220,RG_GRAFFITI,塗鴉,,,,,,,,0,0,,,,,,,,,,,,,,,
221,RG_FLAGGRAFFITI,旗幟塗鴉,,,,,,,,0,0,,,,,,,,,,,,,,,
222,RG_CLEANER,清洗,,,,,,,,0,0,,,,,,,,,,,,,,,
223,RG_GANGSTER,流氓天國,,,,,,,,0,0,,,,,,,,,,,,,,,
224,RG_COMPULSION,強制減價,,,,,,,,0,0,,,,,,,,,,,,,,,
225,RG_PLAGIARISM,抄襲,,,,,,,,0,0,,,,,,,,,,,,,,,
226,AM_AXEMASTERY,斧頭使用熟練度,,,,,,,,0,0,,,,,,,,,,,,,,,
227,AM_LEARNINGPOTION,知識藥水,,,,,,,,0,0,,,,,,,,,,,,,,,
228,AM_PHARMACY,配藥,,,,,,,,0,0,,,,,,,,,,,,,,,
229,AM_DEMONSTRATION,火煙瓶投擲,,,,,,,,0,0,,,,,,,,,,,,,,,
230,AM_ACIDTERROR,強酸攻擊,,,,,,,,0,0,,,,,,,,,,,,,,,
231,AM_POTIONPITCHER,藥水投擲,,,,,,,,0,0,,,,,,,,,,,,,,,
232,AM_CANNIBALIZE,生物調撥,,,,,,,,0,0,,,,,,,,,,,,,,,
233,AM_SPHEREMINE,氣泡蟲召喚,,,,,,,,0,0,,,,,,,,,,,,,,,
234,AM_CP_WEAPON,化學武器保護,,,,,,,,0,0,,,,,,,,,,,,,,,
235,AM_CP_SHIELD,化學盾牌保護,,,,,,,,0,0,,,,,,,,,,,,,,,
236,AM_CP_ARMOR,化學鎧甲保護,,,,,,,,0,0,,,,,,,,,,,,,,,
237,AM_CP_HELM,化學頭盔保護,,,,,,,,0,0,,,,,,,,,,,,,,,
238,AM_BIOETHICS,生命倫理,,,,,,,,0,0,,,,,,,,,,,,,,,
239,AM_BIOTECHNOLOGY,生命工學研究,,,,,,,,0,0,,,,,,,,,,,,,,,
240,AM_CREATECREATURE,生命體,,,,,,,,0,0,,,,,,,,,,,,,,,
241,AM_CULTIVATION,培養,,,,,,,,0,0,,,,,,,,,,,,,,,
242,AM_FLAMECONTROL,火焰控制,,,,,,,,0,0,,,,,,,,,,,,,,,
243,AM_CALLHOMUN,生命體召喚,,,,,,,,0,0,,,,,,,,,,,,,,,
244,AM_REST,安息,,,,,,,,0,0,,,,,,,,,,,,,,,
245,AM_DRILLMASTER,攻擊力訓練,,,,,,,,0,0,,,,,,,,,,,,,,,
246,AM_HEALHOMUN,治癒生命體,,,,,,,,0,0,,,,,,,,,,,,,,,
247,AM_RESURRECTHOMUN,復活生命體,,,,,,,,0,0,,,,,,,,,,,,,,,
248,CR_TRUST,信任,,,,,,,,0,0,,,,,,,,,,,,,,,
249,CR_AUTOGUARD,自動防禦,,,,,,,,0,0,,,,,,,,,,,,,,,
250,CR_SHIELDCHARGE,盾擊,,,,,,,,0,0,,,,,,,,,,,,,,,
251,CR_SHIELDBOOMERANG,迴旋盾擊,physical,,,,,,,0,0,,,,,,,,,,,,,,,
252,CR_REFLECTSHIELD,反射盾,,,,,,,,0,0,,,,,,,,,,,,,,,
253,CR_HOLYCROSS,聖十字攻擊,,,,,,,,0,0,,,,,,,,,,,,,,,
254,CR_GRANDCROSS,聖十字審判,physical,0,,,,,,0,0,-1,,,,,,,,,,,,,,
255,CR_DEVOTION,犧牲,,,,,,,,0,0,,,,,,,,,,,,,,,
256,CR_PROVIDENCE,神祐之光,,,,,,,,0,0,,,,,,,,,,,,,,,
257,CR_DEFENDER,光之盾,,,,,,,,0,0,,,,,,,,,,,,,,,
258,CR_SPEARQUICKEN,長矛加速術,,,,,,,,0,0,,,,,,,,,,,,,,,
259,MO_IRONHAND,鐵沙掌,,,,,,,,0,0,,,,,,,,,,,,,,,
260,MO_SPIRITSRECOVERY,運氣調息,,,,,,,,0,0,,,,,,,,,,,,,,,
261,MO_CALLSPIRITS,蓄氣,,,,,,,,0,0,,,,,,,,,,,,,,,
262,MO_ABSORBSPIRITS,吸氣,,,,,,,,0,0,,,,,,,,,,,,,,,
263,MO_TRIPLEATTACK,六合拳,,,,,,,,0,0,,,,,,,,,,,,,,,
264,MO_BODYRELOCATION,弓身彈影,,,,,,,,0,0,,,,,,,,,,,,,,,
265,MO_DODGE,移花接木,,,,,,,,0,0,,,,,,,,,,,,,,,
266,MO_INVESTIGATE,浸透勁,,,,,,,,0,0,,,,,,,,,,,,,,,
267,MO_FINGEROFFENSIVE,彈指神通,,,,,,,,0,0,,,,,,,,,,,,,,,
268,MO_STEELBODY,金剛不壞,,,,,,,,0,0,,,,,,,,,,,,,,,
269,MO_BLADESTOP,真劍百破道,,,,,,,,0,0,,,,,,,,,,,,,,,
270,MO_EXPLOSIONSPIRITS,爆氣,,,,,,,,0,0,,,,,,,,,,,,,,,
271,MO_EXTREMITYFIST,阿修羅霸凰拳,,,,,,,,0,0,,,,,,,,,,,,,,,
272,MO_CHAINCOMBO,連環全身掌,,,,,,,,0,0,,,,,,,,,,,,,,,
273,MO_COMBOFINISH,猛龍誇強,,,,,,,,0,0,,,,,,,,,,,,,,,
274,SA_ADVANCEDBOOK,進化之書,,,,,,,,0,0,,,,,,,,,,,,,,,
275,SA_CASTCANCEL,取消施法,,,,,,,,0,0,,,,,,,,,,,,,,,
276,SA_MAGICROD,魔法懲罰,,,,,,,,0,0,,,,,,,,,,,,,,,
277,SA_SPELLBREAKER,念咒拆除,,,,,,,,0,0,,,,,,,,,,,,,,,
278,SA_FREECAST,自由施法,,,,,,,,0,0,,,,,,,,,,,,,,,
279,SA_AUTOSPELL,自動念咒,,,,,,,,0,0,,,,,,,,,,,,,,,
280,SA_FLAMELAUNCHER,火屬性附加,,,,,,,,0,0,,,,,,,,,,,,,,,
281,SA_FROSTWEAPON,水屬性附加,,,,,,,,0,0,,,,,,,,,,,,,,,
282,SA_LIGHTNINGLOADER,風屬性附加,,,,,,,,0,0,,,,,,,,,,,,,,,
283,SA_SEISMICWEAPON,地屬性附加,,,,,,,,0,0,,,,,,,,,,,,,,,
284,SA_DRAGONOLOGY,龍知識,,,,,,,,0,0,,,,,,,,,,,,,,,
285,SA_VOLCANO,火元素領域,,,,,,,,0,0,,,,,,,,,,,,,,,
286,SA_DELUGE,水元素領域,,,,,,,,0,0,,,,,,,,,,,,,,,
287,SA_VIOLENTGALE,風元素領域,,,,,,,,0,0,,,,,,,,,,,,,,,
288,SA_LANDPROTECTOR,地元素領域,,,,,,,,0,0,,,,,,,,,,,,,,,
289,SA_DISPELL,魔法效果解除,,,,,,,,0,0,,,,,,,,,,,,,,,
290,SA_ABRACADABRA,隨機技能,,,,,,,,0,0,,,,,,,,,,,,,,,
291,SA_MONOCELL,變換成波利,,,,,,,,0,0,,,,,,,,,,,,,,,
292,SA_CLASSCHANGE,變換成Boss級魔物,,,,,,,,0,0,,,,,,,,,,,,,,,
293,SA_SUMMONMONSTER,召喚魔物,,,,,,,,0,0,,,,,,,,,,,,,,,
294,SA_REVERSEORCISH,變成獸人面孔,,,,,,,,0,0,,,,,,,,,,,,,,,
295,SA_DEATH,死身,,,,,,,,0,0,,,,,,,,,,,,,,,
296,SA_FORTUNE,宿命,,,,,,,,0,0,,,,,,,,,,,,,,,
297,SA_TAMINGMONSTER,認養寵物,,,,,,,,0,0,,,,,,,,,,,,,,,
298,SA_QUESTION,問號,,,,,,,,0,0,,,,,,,,,,,,,,,
299,SA_GRAVITY,重力社,,,,,,,,0,0,,,,,,,,,,,,,,,
300,SA_LEVELUP,升級,,,,,,,,0,0,,,,,,,,,,,,,,,
301,SA_INSTANTDEATH,當場死亡,,,,,,,,0,0,,,,,,,,,,,,,,,
302,SA_FULLRECOVERY,完全恢復,,,,,,,,0,0,,,,,,,,,,,,,,,
303,SA_COMA,頻死之術,,,,,,,,0,0,,,,,,,,,,,,,,,
304,BD_ADAPTATION,臨機應變,,,,,,,,0,0,,,,,,,,,,,,,,,
305,BD_ENCORE,安可,,,,,,,,0,0,,,,,,,,,,,,,,,
306,BD_LULLABY,搖籃曲,,,,,,,,0,0,,,,,,,,,,,,,,,
307,BD_RICHMANKIM,經驗值倍增,,,,,,,,0,0,,,,,,,,,,,,,,,
308,BD_ETERNALCHAOS,永遠的混沌,,,,,,,,0,0,,,,,,,,,,,,,,,
309,BD_DRUMBATTLEFIELD,戰鼓震天,,,,,,,,0,0,,,,,,,,,,,,,,,
310,BD_RINGNIBELUNGEN,尼貝隆根之戒指,,,,,,,,0,0,,,,,,,,,,,,,,,
311,BD_ROKISWEIL,洛奇的悲鳴,,,,,,,,0,0,,,,,,,,,,,,,,,
312,BD_INTOABYSS,觸媒之所,,,,,,,,0,0,,,,,,,,,,,,,,,
313,BD_SIEGFRIED,不死神齊格弗里德,,,,,,,,0,0,,,,,,,,,,,,,,,
314,BD_RAGNAROK,仙境傳說,,,,,,,,0,0,,,,,,,,,,,,,,,
315,BA_MUSICALLESSON,操控樂器,,,,,,,,0,0,,,,,,,,,,,,,,,
316,BA_MUSICALSTRIKE,樂器攻擊,,,,,,,,0,0,,,,,,,,,,,,,,,
317,BA_DISSONANCE,不諧和音,,,,,,,,0,0,,,,,,,,,,,,,,,
318,BA_FROSTJOKE,冷笑話,,,,,,,,0,0,,,,,,,,,,,,,,,
319,BA_WHISTLE,吹口哨,,,,,,,,0,0,,,,,,,,,,,,,,,
320,BA_ASSASSINCROSS,刺客的黃昏,,,,,,,,0,0,,,,,,,,,,,,,,,
321,BA_POEMBRAGI,布萊奇之詩,,,,,,,,0,0,,,,,,,,,,,,,,,
322,BA_APPLEIDUN,伊登的蘋果,,,,,,,,0,0,,,,,,,,,,,,,,,
323,DC_DANCINGLESSON,練習舞蹈,,,,,,,,0,0,,,,,,,,,,,,,,,
324,DC_THROWARROW,纏箭投擲,,,,,,,,0,0,,,,,,,,,,,,,,,
325,DC_UGLYDANCE,醜陋之舞,,,,,,,,0,0,,,,,,,,,,,,,,,
326,DC_SCREAM,驚聲尖叫,,,,,,,,0,0,,,,,,,,,,,,,,,
327,DC_HUMMING,哼唱之音,,,,,,,,0,0,,,,,,,,,,,,,,,
328,DC_DONTFORGETME,勿忘我,,,,,,,,0,0,,,,,,,,,,,,,,,
329,DC_FORTUNEKISS,女神之吻,,,,,,,,0,0,,,,,,,,,,,,,,,
330,DC_SERVICEFORYOU,為您服務,,,,,,,,0,0,,,,,,,,,,,,,,,
334,WE_MALE,只呵護妳,,,,,,,,0,0,,,,,,,,,,,,,,,
335,WE_FEMALE,只為你犧牲,,,,,,,,0,0,,,,,,,,,,,,,,,
336,WE_CALLPARTNER,想念你,,,,,,,,0,0,,,,,,,,,,,,,,,
337,ITM_TOMAHAWK,投擲風靈之斧,,,,,,,,0,0,,,,,,,,,,,,,,,
340,NPC_DARKSTRIKE,暗影攻擊,,,,,,,,,,,,,,,,,,,,,,,,
355,LK_AURABLADE,靈氣劍,,,,,,,,0,0,,,,,,,,,,,,,,,
356,LK_PARRYING,雙劍挌擋,,,,,,,,0,0,,,,,,,,,,,,,,,
357,LK_CONCENTRATION,集中攻擊,,,,,,,,0,0,,,,,,,,,,,,,,,
358,LK_TENSIONRELAX,極速回復,,,,,,,,0,0,,,,,,,,,,,,,,,
359,LK_BERSERK,狂怒之槍,,,,,,,,0,0,,,,,,,,,,,,,,,
361,HP_ASSUMPTIO,聖母之祈福,,,,,,,,0,0,,,,,,,,,,,,,,,
362,HP_BASILICA,神聖殿堂,,,,,,,,0,0,,,,,,,,,,,,,,,
363,HP_MEDITATIO,冥想,,,,,,,,0,0,,,,,,,,,,,,,,,
364,HW_SOULDRAIN,吸魂術,,,,,,,,0,0,,,,,,,,,,,,,,,
365,HW_MAGICCRASHER,魔擊術,physical,0,,,,,,0,0,-1,,,,,,,,,,,,,,
366,HW_MAGICPOWER,魔力增幅,,,,,,,,0,0,,,,,,,,,,,,,,,
367,PA_PRESSURE,神之威壓,magic,,,,,5,(500+Sklv*150)*BaseLv/100,6,-3,,,,,,,,,,,,,,,
368,PA_SACRIFICE,捨命攻擊,physical,0,,,,,,0,0,-1,,,,,,,,,,,,,,
369,PA_GOSPEL,聖音,,,,,,,,0,0,,,,,,,,,,,,,,,
370,CH_PALMSTRIKE,猛虎硬爬山,,,,,,,,0,0,,,,,,,,,,,,,,,
371,CH_TIGERFIST,伏虎拳,,,,,,,,0,0,,,,,,,,,,,,,,,
372,CH_CHAINCRUSH,氣絕崩擊,,,,,,,,0,0,,,,,,,,,,,,,,,
373,PF_HPCONVERSION,HP轉換,,,,,,,,0,0,,,,,,,,,,,,,,,
374,PF_SOULCHANGE,心神互換,,,,,,,,0,0,,,,,,,,,,,,,,,
375,PF_SOULBURN,精神耗弱術,,,,,,,,0,0,,,,,,,,,,,,,,,
376,ASC_KATAR,高階拳刃修練,,,,,,,,0,0,,,,,,,,,,,,,,,
378,ASC_EDP,致命塗毒,,,,,,,,0,0,,,,,,,,,,,,,,,
379,ASC_BREAKER,心靈震波,physical,1,,,,10,(Sklv*150+total_STR+total_INT)*BaseLv/100,0,1,0.5,,,,,,,,,,0,0,,,
380,SN_SIGHT,狙殺瞄準,,,,,,,,0,0,,,,,,,,,,,,,,,
381,SN_FALCONASSAULT,獵鷹突擊,physical,0,,,,,,0,0,-1,,,,,,,,,,,,,,
382,SN_SHARPSHOOTING,銳利射擊,physical,1,,,,5,(300+300*Sklv)*(BaseLv/100),0,1,0.5,,,,,,,,,,,,,,
383,SN_WINDWALK,風之步,,,,,,,,0,0,,,,,,,,,,,,,,,
384,WS_MELTDOWN,野蠻凶砍,,,,,,,,0,0,,,,,,,,,,,,,,,
385,WS_CREATECOIN,金錢鑄造,,,,,,,,0,0,,,,,,,,,,,,,,,
386,WS_CREATENUGGET,金屬塊製造,,,,,,,,0,0,,,,,,,,,,,,,,,
387,WS_CARTBOOST,手推車加速,,,,,,,,0,0,,,,,,,,,,,,,,,
388,WS_SYSTEMCREATE,攻擊塔製作,,,,,,,,0,0,,,,,,,,,,,,,,,
389,ST_CHASEWALK,暗影追蹤,,,,,,,,0,0,,,,,,,,,,,,,,,
390,ST_REJECTSWORD,霸王魂,,,,,,,,0,0,,,,,,,,,,,,,,,
391,ST_STEALBACKPACK,背包偷竊,,,,,,,,0,0,,,,,,,,,,,,,,,
392,CR_ALCHEMY,融合試驗,,,,,,,,0,0,,,,,,,,,,,,,,,
393,CR_SYNTHESISPOTION,藥劑試驗,,,,,,,,0,0,,,,,,,,,,,,,,,
394,CG_ARROWVULCAN,奧義箭亂舞,physical,1,,,,10,(500+Sklv*100)*BaseLv/100,0,-9,,,,,,,,,,,,,,,
395,CG_MOONLIT,落花伴著月光下的水車小屋,,,,,,,,0,0,,,,,,,,,,,,,,,
396,CG_MARIONETTE,傀儡師的把戲,,,,,,,,0,0,,,,,,,,,,,,,,,
397,LK_SPIRALPIERCE,螺旋擊刺,,,,,,,,0,0,,,,,,,,,,,,,,,
398,LK_HEADCRUSH,傷害增壓,,,,,,,,0,0,,,,,,,,,,,,,,,
399,LK_JOINTBEAT,巧打,,,,,,,,0,0,,,,,,,,,,,,,,,
400,HW_NAPALMVULCAN,念力連擊,,,,,,,,0,0,,,,,,,,,,,,,,,
401,CH_SOULCOLLECT,狂蓄氣,,,,,,,,0,0,,,,,,,,,,,,,,,
402,PF_MINDBREAKER,精神撼動,,,,,,,,0,0,,,,,,,,,,,,,,,
403,PF_MEMORIZE,速讀術,,,,,,,,0,0,,,,,,,,,,,,,,,
404,PF_FOGWALL,薄霧牆,,,,,,,,0,0,,,,,,,,,,,,,,,
405,PF_SPIDERWEB,易燃之網,,,,,,,,0,0,,,,,,,,,,,,,,,
406,ASC_METEORASSAULT,黑暗瞬間,,,,,,,,0,0,,,,,,,,,,,,,,,
407,ASC_CDP,毒液製作,,,,,,,,0,0,,,,,,,,,,,,,,,
408,WE_BABY,爸媽我愛您,,,,,,,,0,0,,,,,,,,,,,,,,,
409,WE_CALLPARENT,爸媽我想念您,,,,,,,,0,0,,,,,,,,,,,,,,,
410,WE_CALLBABY,寶貝請來這裡,,,,,,,,0,0,,,,,,,,,,,,,,,
411,TK_RUN,跑步,,,,,,,,0,0,,,,,,,,,,,,,,,
412,TK_READYSTORM,迴旋準備,,,,,,,,0,0,,,,,,,,,,,,,,,
413,TK_STORMKICK,迴旋踢,,,,,,,,0,0,,,,,,,,,,,,,,,
414,TK_READYDOWN,砸踢準備,,,,,,,,0,0,,,,,,,,,,,,,,,
415,TK_DOWNKICK,砸踢,,,,,,,,0,0,,,,,,,,,,,,,,,
416,TK_READYTURN,踢準備,,,,,,,,0,0,,,,,,,,,,,,,,,
417,TK_TURNKICK,轉身踢,,,,,,,,0,0,,,,,,,,,,,,,,,
418,TK_READYCOUNTER,還擊準備,,,,,,,,0,0,,,,,,,,,,,,,,,
419,TK_COUNTER,還擊踢,,,,,,,,0,0,,,,,,,,,,,,,,,
420,TK_DODGE,落法,,,,,,,,0,0,,,,,,,,,,,,,,,
421,TK_JUMPKICK,飛腳踢,physical,0,,0,,,,,,,,,,,,,,,,0,0,,,
422,TK_HPTIME,平安的休息,,,,,,,,0,0,,,,,,,,,,,,,,,
423,TK_SPTIME,快樂的休息,,,,,,,,0,0,,,,,,,,,,,,,,,
424,TK_POWER,加油,,,,,,,,0,0,,,,,,,,,,,,,,,
425,TK_SEVENWIND,溫暖的風,,,,,,,,0,0,,,,,,,,,,,,,,,
426,TK_HIGHJUMP,跳高,,,,,,,,0,0,,,,,,,,,,,,,,,
427,SG_FEEL,太陽和月亮和星星的感覺,,,,,,,,0,0,,,,,,,,,,,,,,,
428,SG_SUN_WARM,太陽的溫暖,,,,,,,,0,0,,,,,,,,,,,,,,,
429,SG_MOON_WARM,月亮的溫暖,,,,,,,,0,0,,,,,,,,,,,,,,,
430,SG_STAR_WARM,星星的溫暖,,,,,,,,0,0,,,,,,,,,,,,,,,
431,SG_SUN_COMFORT,太陽的平安感,,,,,,,,0,0,,,,,,,,,,,,,,,
432,SG_MOON_COMFORT,月亮的平安感,,,,,,,,0,0,,,,,,,,,,,,,,,
433,SG_STAR_COMFORT,星星的平安感,,,,,,,,0,0,,,,,,,,,,,,,,,
434,SG_HATE,太陽和月亮和星星的憎惡,,,,,,,,0,0,,,,,,,,,,,,,,,
435,SG_SUN_ANGER,太陽的憤怒,,,,,,,,0,0,,,,,,,,,,,,,,,
436,SG_MOON_ANGER,月亮的憤怒,,,,,,,,0,0,,,,,,,,,,,,,,,
437,SG_STAR_ANGER,星星的憤怒,,,,,,,,0,0,,,,,,,,,,,,,,,
438,SG_SUN_BLESS,太陽的祝福,,,,,,,,0,0,,,,,,,,,,,,,,,
439,SG_MOON_BLESS,月亮的祝福,,,,,,,,0,0,,,,,,,,,,,,,,,
440,SG_STAR_BLESS,星星的祝福,,,,,,,,0,0,,,,,,,,,,,,,,,
441,SG_DEVIL,太陽和月亮和星星的惡魔,,,,,,,,0,0,,,,,,,,,,,,,,,
442,SG_FRIEND,太陽和月亮和星星的朋友,,,,,,,,0,0,,,,,,,,,,,,,,,
443,SG_KNOWLEDGE,太陽和月亮和星星的知識,,,,,,,,0,0,,,,,,,,,,,,,,,
444,SG_FUSION,太陽和月亮和星星的融合,,,,,,,,0,0,,,,,,,,,,,,,,,
445,SL_ALCHEMIST,鍊金術師的靈魂,,,,,,,,0,0,,,,,,,,,,,,,,,
446,AM_BERSERKPITCHER,菠色克投擲,,,,,,,,0,0,,,,,,,,,,,,,,,
447,SL_MONK,武道家的靈魂,,,,,,,,0,0,,,,,,,,,,,,,,,
448,SL_STAR,拳聖的靈魂,,,,,,,,0,0,,,,,,,,,,,,,,,
449,SL_SAGE,賢者的靈魂,,,,,,,,0,0,,,,,,,,,,,,,,,
450,SL_CRUSADER,十字軍的靈魂,,,,,,,,0,0,,,,,,,,,,,,,,,
451,SL_SUPERNOVICE,超級初學者的靈魂,,,,,,,,0,0,,,,,,,,,,,,,,,
452,SL_KNIGHT,騎士的靈魂,,,,,,,,0,0,,,,,,,,,,,,,,,
453,SL_WIZARD,巫師的靈魂,,,,,,,,0,0,,,,,,,,,,,,,,,
454,SL_PRIEST,祭司的靈魂,,,,,,,,0,0,,,,,,,,,,,,,,,
455,SL_BARDDANCER,吟遊詩人和舞孃的靈魂,,,,,,,,0,0,,,,,,,,,,,,,,,
456,SL_ROGUE,流氓的靈魂,,,,,,,,0,0,,,,,,,,,,,,,,,
457,SL_ASSASIN,刺客的靈魂,,,,,,,,0,0,,,,,,,,,,,,,,,
458,SL_BLACKSMITH,鐵匠的靈魂,,,,,,,,0,0,,,,,,,,,,,,,,,
459,BS_ADRENALINE2,所有速度激發,,,,,,,,0,0,,,,,,,,,,,,,,,
460,SL_HUNTER,獵人的靈魂,,,,,,,,0,0,,,,,,,,,,,,,,,
461,SL_SOULLINKER,悟靈士的靈魂,,,,,,,,0,0,,,,,,,,,,,,,,,
462,SL_KAIZEL,凱易哲,,,,,,,,0,0,,,,,,,,,,,,,,,
463,SL_KAAHI,凱阿希,,,,,,,,0,0,,,,,,,,,,,,,,,
464,SL_KAUPE,凱誣僕,,,,,,,,0,0,,,,,,,,,,,,,,,
465,SL_KAITE,凱易特,,,,,,,,0,0,,,,,,,,,,,,,,,
466,SL_KAINA,凱易娜,,,,,,,,0,0,,,,,,,,,,,,,,,
467,SL_STIN,艾斯提,,,,,,,,0,0,,,,,,,,,,,,,,,
468,SL_STUN,艾斯敦,,,,,,,,0,0,,,,,,,,,,,,,,,
469,SL_SMA,艾斯麻,,,,,,,,0,0,,,,,,,,,,,,,,,
470,SL_SWOO,艾斯誣,,,,,,,,0,0,,,,,,,,,,,,,,,
471,SL_SKE,艾斯克,,,,,,,,0,0,,,,,,,,,,,,,,,
472,SL_SKA,艾斯卡,,,,,,,,0,0,,,,,,,,,,,,,,,
475,ST_PRESERVE,自由保護,,,,,,,,0,0,,,,,,,,,,,,,,,
476,ST_FULLSTRIP,所有卸除,,,,,,,,0,0,,,,,,,,,,,,,,,
477,WS_WEAPONREFINE,武器精練,,,,,,,,0,0,,,,,,,,,,,,,,,
478,CR_SLIMPITCHER,纖細藥水投擲,,,,,,,,0,0,,,,,,,,,,,,,,,
479,CR_FULLPROTECTION,所有化學武器保護,,,,,,,,0,0,,,,,,,,,,,,,,,
480,PA_SHIELDCHAIN,連續盾擊,physical,,,,,,,0,,,,,,,,,,,,,,,,
481,HP_MANARECHARGE,魔力減免,,,,,,,,0,0,,,,,,,,,,,,,,,
482,PF_DOUBLECASTING,雙倍投擲,,,,,,,,0,0,,,,,,,,,,,,,,,
483,HW_GANBANTEIN,咖般塔音,,,,,,,,0,0,,,,,,,,,,,,,,,
484,HW_GRAVITATION,重力原野,,,,,,,,0,0,,,,,,,,,,,,,,,
485,WS_CARTTERMINATION,手推車終結技,,,,,,,,0,0,,,,,,,,,,,,,,,
486,WS_OVERTHRUSTMAX,凶砍最大值,,,,,,,,0,0,,,,,,,,,,,,,,,
488,CG_HERMODE,海羅默德的手杖,,,,,,,,0,0,,,,,,,,,,,,,,,
489,CG_TAROTCARD,命運的塔羅牌,,,,,,,,0,0,,,,,,,,,,,,,,,
490,CR_ACIDDEMONSTRATION,強酸火煙瓶投擲,,,,,,,,0,0,,,,,,,,,,,,,,,
491,CR_CULTIVATION,植物栽培,,,,,,,,0,0,,,,,,,,,,,,,,,
493,TK_MISSION,太拳任務,,,,,,,,0,0,,,,,,,,,,,,,,,
494,SL_HIGH,一轉上等職業的靈魂,,,,,,,,0,0,,,,,,,,,,,,,,,
495,KN_ONEHAND,單手劍攻擊速度增加,,,,,,,,0,0,,,,,,,,,,,,,,,
496,AM_TWILIGHT1,寬廣配藥,,,,,,,,0,0,,,,,,,,,,,,,,,
497,AM_TWILIGHT2,寬廣配藥,,,,,,,,0,0,,,,,,,,,,,,,,,
498,AM_TWILIGHT3,寬廣配藥,,,,,,,,0,0,,,,,,,,,,,,,,,
499,HT_POWER,動物猛擊,,,,,,,,0,0,,,,,,,,,,,,,,,
500,GS_GLITTERING,裝滿硬幣,,,,,,,,0,0,,,,,,,,,,,,,,,
501,GS_FLING,投擲硬幣,,,,,,,,0,0,,,,,,,,,,,,,,,
502,GS_TRIPLEACTION,三連攻擊,,,,,,,,0,0,,,,,,,,,,,,,,,
503,GS_BULLSEYE,公牛之眼,,,,,,,,0,0,,,,,,,,,,,,,,,
504,GS_MADNESSCANCEL,瘋狂凱斯樂,,,,,,,,0,0,,,,,,,,,,,,,,,
505,GS_ADJUSTMENT,終極閃躲,,,,,,,,0,0,,,,,,,,,,,,,,,
506,GS_INCREASING,命中率遞增  ,,,,,,,,0,0,,,,,,,,,,,,,,,
507,GS_MAGICALBULLET,魔術彈,,,,,,,,0,0,,,,,,,,,,,,,,,
508,GS_CRACKER,轟然巨響,,,,,,,,0,0,,,,,,,,,,,,,,,
509,GS_SINGLEACTION,單槍射擊,,,,,,,,0,0,,,,,,,,,,,,,,,
510,GS_SNAKEEYE,瞄準之眼,,,,,,,,0,0,,,,,,,,,,,,,,,
511,GS_CHAINACTION,連鎖衝擊,,,,,,,,0,0,,,,,,,,,,,,,,,
512,GS_TRACKING,百步穿楊,,,,,,,,0,0,,,,,,,,,,,,,,,
513,GS_DISARM,拋戈卸甲,,,,,,,,0,0,,,,,,,,,,,,,,,
514,GS_PIERCINGSHOT,霹靂彈,,,,,,,,0,0,,,,,,,,,,,,,,,
515,GS_RAPIDSHOWER,五連擊,,,,,,,,0,0,,,,,,,,,,,,,,,
516,GS_DESPERADO,亡命之徒,,,,,,,,0,0,,,,,,,,,,,,,,,
517,GS_GATLINGFEVER,格林狂熱,,,,,,,,0,0,,,,,,,,,,,,,,,
518,GS_DUST,彈片四射,,,,,,,,0,0,,,,,,,,,,,,,,,
519,GS_FULLBUSTER,全面破壞,,,,,,,,0,0,,,,,,,,,,,,,,,
520,GS_SPREADATTACK,火力全開,,,,,,,,0,0,,,,,,,,,,,,,,,
521,GS_GROUNDDRIFT,四面埋伏,,,,,,,,0,0,,,,,,,,,,,,,,,
522,NJ_TOBIDOUGU,飛刀修練,,,,,,,,0,0,,,,,,,,,,,,,,,
523,NJ_SYURIKEN,投擲飛鏢,,,,,,,,0,0,,,,,,,,,,,,,,,
524,NJ_KUNAI,投擲飛刀,,,,,,,,0,0,,,,,,,,,,,,,,,
525,NJ_HUUMA,投擲風魔飛鏢,,,,,,,,0,0,,,,,,,,,,,,,,,
526,NJ_ZENYNAGE,投擲金錢,physical,0,,,,,,0,0,-1,,,,,,,,,,,,,,
527,NJ_TATAMIGAESHI,榻榻米攻擊,,,,,,,,0,0,,,,,,,,,,,,,,,
528,NJ_KASUMIKIRI,霧裡砍劈,,,,,,,,0,0,,,,,,,,,,,,,,,
529,NJ_SHADOWJUMP,影子跳躍,,,,,,,,0,0,,,,,,,,,,,,,,,
530,NJ_KIRIKAGE,隱身攻擊,,,,,,,,0,0,,,,,,,,,,,,,,,
531,NJ_UTSUSEMI,金蟬脫殼,,,,,,,,0,0,,,,,,,,,,,,,,,
532,NJ_BUNSINJYUTSU,幻影分身,,,,,,,,0,0,,,,,,,,,,,,,,,
533,NJ_NINPOU,忍術修練,,,,,,,,0,0,,,,,,,,,,,,,,,
534,NJ_KOUENKA,火炎花,physical,0,,0,,10,,0,0,,,,,,,,,,,0,0,,,
535,NJ_KAENSIN,火炎陣,,,,,,,,0,0,,,,,,,,,,,,,,,
536,NJ_BAKUENRYU,爆炎龍,,,,,,,,0,0,,,,,,,,,,,,,,,
537,NJ_HYOUSENSOU,冰閃槍,,,,,,,,0,0,,,,,,,,,,,,,,,
538,NJ_SUITON,水鈍,,,,,,,,0,0,,,,,,,,,,,,,,,
539,NJ_HYOUSYOURAKU,冰晶落,,,,,,,,0,0,,,,,,,,,,,,,,,
540,NJ_HUUJIN,風刃,,,,,,,,0,0,,,,,,,,,,,,,,,
541,NJ_RAIGEKISAI,雷擊碎,,,,,,,,0,0,,,,,,,,,,,,,,,
542,NJ_KAMAITACHI,朔風,,,,,,,,0,0,,,,,,,,,,,,,,,
543,NJ_NEN,念,,,,,,,,0,0,,,,,,,,,,,,,,,
544,NJ_ISSEN,一閃擊,physical,0,,,,,,0,0,-1,,,,,,,,,,,,,,
572,SL_DEATHKNIGHT,死亡騎士之魂,,,,,,,,0,0,,,,,,,,,,,,,,,
573,SL_COLLECTOR,黑暗搜集者之魂,,,,,,,,0,0,,,,,,,,,,,,,,,
574,SL_NINJA,忍者之魂,,,,,,,,0,0,,,,,,,,,,,,,,,
575,SL_GUNNER,神槍手之魂,,,,,,,,0,0,,,,,,,,,,,,,,,
576,AM_TWILIGHT4,寬廣配藥,,,,,,,,0,0,,,,,,,,,,,,,,,
1001,KN_CHARGEATK,衝鋒攻擊,,,,,,,,0,0,,,,,,,,,,,,,,,
1002,CR_SHRINK,退縮,,,,,,,,0,0,,,,,,,,,,,,,,,
1003,AS_SONICACCEL,超音速投擲,,,,,,,,0,0,,,,,,,,,,,,,,,
1004,AS_VENOMKNIFE,毒刃,,,,,,,,0,0,,,,,,,,,,,,,,,
1005,RG_CLOSECONFINE,緊密的約束,,,,,,,,0,0,,,,,,,,,,,,,,,
1006,WZ_SIGHTBLASTER,火狩芽,,,,,,,,0,0,,,,,,,,,,,,,,,
1007,SA_CREATECON,元素肯貝特製作,,,,,,,,0,0,,,,,,,,,,,,,,,
1008,SA_ELEMENTWATER,元素更換(水),,,,,,,,0,0,,,,,,,,,,,,,,,
1009,HT_PHANTASMIC,幻影箭,,,,,,,,0,0,,,,,,,,,,,,,,,
1010,BA_PANGVOICE,陣痛之聲,,,,,,,,0,0,,,,,,,,,,,,,,,
1011,DC_WINKCHARM,眨眼之誘,,,,,,,,0,0,,,,,,,,,,,,,,,
1012,BS_UNFAIRLYTRICK,詭計的商術,,,,,,,,0,0,,,,,,,,,,,,,,,
1013,BS_GREED,貪婪,,,,,,,,0,0,,,,,,,,,,,,,,,
1014,PR_REDEMPTIO,捨身取義,,,,,,,,0,0,,,,,,,,,,,,,,,
1015,MO_KITRANSLATION,振氣注入,,,,,,,,0,0,,,,,,,,,,,,,,,
1016,MO_BALKYOUNG,發勁,,,,,,,,0,0,,,,,,,,,,,,,,,
1017,SA_ELEMENTGROUND,元素更換(地),,,,,,,,0,0,,,,,,,,,,,,,,,
1018,SA_ELEMENTFIRE,元素更換(火),,,,,,,,0,0,,,,,,,,,,,,,,,
1019,SA_ELEMENTWIND,元素更換(風),,,,,,,,0,0,,,,,,,,,,,,,,,
2001,RK_ENCHANTBLADE,魔力劍,,,,,,,,0,0,,,,,,,,,,,,,,,
2002,RK_SONICWAVE,音速衝擊波,physical,1,,,,10,(550+Sklv*200)*BaseLv/100,0,-3,0.5,,,,,,,,,,,,,,
2003,RK_DEATHBOUND,死亡反彈,physical,0,,,,,,0,0,-1,,,,,,,,,,,,,,
2004,RK_HUNDREDSPEAR,百矛穿刺,physical,1,,,,10,(600+Sklv*200)*BaseLv/100+GSklv(8218)*50,0,-5,0,,,,,5210,(700+Sklv*350)*BaseLv/100+GSklv(8218)*50,,,,,,,,
2005,RK_WINDCUTTER,風壓飛刃,,,,,,,,0,0,,,,,,,,,,,,,,,
2006,RK_IGNITIONBREAK,致命爆裂,physical,,,,,5,Sklv*450*BaseLv/100,0,1,,,0,,,,,,,,,,,,
2007,RK_DRAGONTRAINING,龍駕馭,,,,,,,,0,0,,,,,,,,,,,,,,,
2008,RK_DRAGONBREATH,龍之氣息,d_b,1,,,,10,(floor(MHP_NOW/50)+floor(MSP_NOW/4))*Sklv*BaseLv/100*floor((90+GSklv(2007)*10+total_POW/5)*(1+total_PATK/100))/100,0,1,-1,,,,,,,,,,,,,,
2009,RK_DRAGONHOWLING,龍之咆哮,,,,,,,,0,0,,,,,,,,,,,,,,,
2010,RK_RUNEMASTERY,盧恩精熟,,,,,,,,0,0,,,,,,,,,,,,,,,
2011,RK_MILLENNIUMSHIELD,千年神盾,,,,,,,,0,0,,,,,,,,,,,,,,,
2012,RK_CRUSHSTRIKE,重擊強襲,,,,,,,,0,0,,,,,,,,,,,,,,,
2013,RK_REFRESH,恢復,,,,,,,,0,0,,,,,,,,,,,,,,,
2014,RK_GIANTGROWTH,力量成長,,,,,,,,0,0,,,,,,,,,,,,,,,
2015,RK_STONEHARDSKIN,岩石皮膚,,,,,,,,0,0,,,,,,,,,,,,,,,
2016,RK_VITALITYACTIVATION,生命激化,,,,,,,,0,0,,,,,,,,,,,,,,,
2017,RK_STORMBLAST,風暴衝擊,,,,,,,,0,0,,,,,,,,,,,,,,,
2018,RK_FIGHTINGSPIRIT,提升鬥志,,,,,,,,0,0,,,,,,,,,,,,,,,
2019,RK_ABUNDANCE,豐足,,,,,,,,0,0,,,,,,,,,,,,,,,
2020,RK_PHANTOMTHRUST,幻象突刺,,,,,,,,0,0,,,,,,,,,,,,,,,
2021,GC_VENOMIMPRESS,毒耐性弱化,,,,,,,,0,0,,,,,,,,,,,,,,,
2022,GC_CROSSIMPACT,十字斬,physical,0,,,,5,(1000+Sklv*230)*BaseLv/100,0,-7,0.5,,,,,,,,,,,,,,
2023,GC_DARKILLUSION,黑色幻影,,,,,,,,0,0,,,,,,,,,,,,,,,
2024,GC_RESEARCHNEWPOISON,新毒研究,,,,,,,,0,0,,,,,,,,,,,,,,,
2025,GC_CREATENEWPOISON,新毒製作,,,,,,,,0,0,,,,,,,,,,,,,,,
2026,GC_ANTIDOTE,解毒劑,,,,,,,,0,0,,,,,,,,,,,,,,,
2027,GC_POISONINGWEAPON,劇毒武器,,,,,,,,0,0,,,,,,,,,,,,,,,
2028,GC_WEAPONBLOCKING,武器抵禦,,,,,,,,0,0,,,,,,,,,,,,,,,
2029,GC_COUNTERSLASH,反擊斬,,,,,,,,0,0,,,,,,,,,,,,,,,
2030,GC_WEAPONCRUSH,卸除武裝,,,,,,,,0,0,,,,,,,,,,,,,,,
2031,GC_VENOMPRESSURE,劇毒強制賦予,,,,,,,,0,0,,,,,,,,,,,,,,,
2032,GC_POISONSMOKE,毒霧,,,,,,,,0,0,,,,,,,,,,,,,,,
2033,GC_CLOAKINGEXCEED,偽裝強化,,,,,,,,0,0,,,,,,,,,,,,,,,
2034,GC_PHANTOMMENACE,惡靈威脅,,,,,,,,0,0,,,,,,,,,,,,,,,
2035,GC_HALLUCINATIONWALK,幻影步,,,,,,,,0,0,,,,,,,,,,,,,,,
2036,GC_ROLLINGCUTTER,迴旋刀刃,physical,,,,,5,(50+Sklv*80)*BaseLv/100,0,1,,,,,,,,,,,,,,,
2037,GC_CROSSRIPPERSLASHER,迴旋十字斬,physical,1,,,,5,(Sklv*80)*BaseLv/100+(3*total_AGI+10*200),0,1,,,,,,,,,,,0,0,,,
2038,AB_JUDEX,審判,,,,,,,,0,0,,,,,,,,,,,,,,,
2039,AB_ANCILLA,安希拉,,,,,,,,0,0,,,,,,,,,,,,,,,
2040,AB_ADORAMUS,謳歌,magic,,,,,10,(800+Sklv*200)*BaseLv/100,6,-10,,,,,,,,,,,,,,,
2041,AB_CLEMENTIA,慈悲術,,,,,,,,0,0,,,,,,,,,,,,,,,
2042,AB_CANTO,純白百合花,,,,,,,,0,0,,,,,,,,,,,,,,,
2043,AB_CHEAL,燦爛聖光,physical,,,,,,,0,,,,,,,,,,,,,,,,
2044,AB_EPICLESIS,聖靈降臨祈禱,,,,,,,,0,0,,,,,,,,,,,,,,,
2045,AB_PRAEFATIO,感恩歌,,,,,,,,0,0,,,,,,,,,,,,,,,
2046,AB_ORATIO,祈禱文,,,,,,,,0,0,,,,,,,,,,,,,,,
2047,AB_LAUDAAGNUS,羔羊歌頌,,,,,,,,0,0,,,,,,,,,,,,,,,
2048,AB_LAUDARAMUS,折枝讚頌,,,,,,,,0,0,,,,,,,,,,,,,,,
2049,AB_EUCHARISTICA,感恩祈禱,,,,,,,,0,0,,,,,,,,,,,,,,,
2050,AB_RENOVATIO,淨化,,,,,,,,0,0,,,,,,,,,,,,,,,
2051,AB_HIGHNESSHEAL,高階治癒術,,,,,,,,0,0,,,,,,,,,,,,,,,
2052,AB_CLEARANCE,解除,,,,,,,,0,0,,,,,,,,,,,,,,,
2053,AB_EXPIATIO,贖罪,,,,,,,,0,0,,,,,,,,,,,,,,,
2054,AB_DUPLELIGHT,二道聖光,,,,,,,,0,0,,,,,,,,,,,,,,,
2055,AB_DUPLELIGHT_MELEE,二道聖光,,,,,,,,0,0,,,,,,,,,,,,,,,
2056,AB_DUPLELIGHT_MAGIC,二道聖光,,,,,,,,0,0,,,,,,,,,,,,,,,
2057,AB_SILENTIUM,靜寂,,,,,,,,0,0,,,,,,,,,,,,,,,
2201,WL_WHITEIMPRISON,白色監獄,,,,,,,,0,0,,,,,,,,,,,,,,,
2202,WL_SOULEXPANSION,靈魂爆炸,magic,0,,,,5,(1000+Sklv*200+total_INT)*BaseLv/100,8,-2,,,,,,,,,,,,,,,
2203,WL_FROSTMISTY,寒冰濃霧,,,,,,,,0,0,,,,,,,,,,,,,,,
2204,WL_JACKFROST,凍僵術,,,,,,,,0,0,,,,,,,,,,,,,,,
2205,WL_MARSHOFABYSS,深淵沼地,,,,,,,,0,0,,,,,,,,,,,,,,,
2206,WL_RECOGNIZEDSPELL,魔法省悟,,,,,,,,0,0,,,,,,,,,,,,,,,
2207,WL_SIENNAEXECRATE,石化詛咒,,,,,,,,0,0,,,,,,,,,,,,,,,
2208,WL_RADIUS,半徑擴大,,,,,,,,0,0,,,,,,,,,,,,,,,
2209,WL_STASIS,魔力凍結,,,,,,,,0,0,,,,,,,,,,,,,,,
2210,WL_DRAINLIFE,吸星大法,,,,,,,,0,0,,,,,,,,,,,,,,,
2211,WL_CRIMSONROCK,碧血隕石,magic,,,,,5,(700+Sklv*600)*BaseLv/100,3,-7,,,,,,,,,,,,,,,
2212,WL_HELLINFERNO,地獄火焰,magic,,,,,5,(Sklv*400)*BaseLv/100,3,1,,(Sklv*600)*BaseLv/100,7,-3,,,,,,,,,,,
2213,WL_COMET,毀滅慧星,magic,0,,,,5,(3000+Sklv*600)*BaseLv/100,0,-10,,,,,,,,,,,,,,,
2214,WL_CHAINLIGHTNING,連鎖電擊,magic,0,,,,5,(500+Sklv*100)*BaseLv/100,4,4,,,,,,,,,,,,,4,800,-100
2215,WL_CHAINLIGHTNING_ATK,連鎖電擊,magic,,,,,,(500+Sklv*100)*BaseLv/100,4,4,,,,,,,,,,,,,4,800,-100
2216,WL_EARTHSTRAIN,地牛翻身,magic,,,,,5,(1000+Sklv*600)*BaseLv/100,2,-10,,,,,,,,,,,,,,,
2217,WL_TETRAVORTEX,屬性漩渦,,,,,,,,0,0,,,,,,,,,,,,,,,
2222,WL_SUMMONFB,召喚火焰球,,,,,,,,0,0,,,,,,,,,,,,,,,
2223,WL_SUMMONBL,召喚雷電球,,,,,,,,0,0,,,,,,,,,,,,,,,
2224,WL_SUMMONWB,召喚水球,,,,,,,,0,0,,,,,,,,,,,,,,,
2229,WL_SUMMONSTONE,召喚石塊,,,,,,,,0,0,,,,,,,,,,,,,,,
2230,WL_RELEASE,釋放,,,,,,,,0,0,,,,,,,,,,,,,,,
2231,WL_READING_SB,閱讀魔法書,,,,,,,,0,0,,,,,,,,,,,,,,,
2232,WL_FREEZE_SP,魔法保存,,,,,,,,0,0,,,,,,,,,,,,,,,
2233,RA_ARROWSTORM,箭雨風暴,physical,1,,,,10,(1000+Sklv*100)*BaseLv/100,0,-3,,,,,,2234,(1000+Sklv*170)*BaseLv/100,,,,,,,,
2234,RA_FEARBREEZE,微風恐懼,,,,,,,,0,0,,,,,,,,,,,,,,,
2235,RA_RANGERMAIN,遊俠主意,,,,,,,,0,0,,,,,,,,,,,,,,,
2236,RA_AIMEDBOLT,瞄準標靶,physical,1,,,,10,(500+Sklv*20)*BaseLv/100,0,5,,,,,,2234,(550+Sklv*60)*BaseLv/100,,,,,,,,
2237,RA_DETONATOR,雷管,,,,,,,,0,0,,,,,,,,,,,,,,,
2238,RA_ELECTRICSHOCKER,電擊陷阱,,,,,,,,0,0,,,,,,,,,,,,,,,
2239,RA_CLUSTERBOMB,榴霰彈,,,,,,,,0,0,,,,,,,,,,,,,,,
2240,RA_WUGMASTERY,召狼術,,,,,,,,0,0,,,,,,,,,,,,,,,
2241,RA_WUGRIDER,騎狼術,,,,,,,,0,0,,,,,,,,,,,,,,,
2242,RA_WUGDASH,疾狼術,physical,0,,,,,,0,0,-1,,,,,,,,,,,,,,
2243,RA_WUGSTRIKE,狼突擊,physical,0,,,,,,0,0,-1,,,,,,,,,,,,,,
2244,RA_WUGBITE,狼咬,physical,0,,,,,,0,0,-1,,,,,,,,,,,,,,
2245,RA_TOOTHOFWUG,狼牙,,,,,,,,0,0,,,,,,,,,,,,,,,
2246,RA_SENSITIVEKEEN,敏銳嗅覺,,,,,,,,0,0,,,,,,,,,,,,,,,
2247,RA_CAMOUFLAGE,偽裝戰術,,,,,,,,0,0,,,,,,,,,,,,,,,
2248,RA_RESEARCHTRAP,陷阱研究,,,,,,,,0,0,,,,,,,,,,,,,,,
2249,RA_MAGENTATRAP,紫紅陷阱,,,,,,,,0,0,,,,,,,,,,,,,,,
2250,RA_COBALTTRAP,深藍陷阱,,,,,,,,0,0,,,,,,,,,,,,,,,
2251,RA_MAIZETRAP,淺黃陷阱,,,,,,,,0,0,,,,,,,,,,,,,,,
2252,RA_VERDURETRAP,青翠陷阱,,,,,,,,0,0,,,,,,,,,,,,,,,
2253,RA_FIRINGTRAP,燃燒陷阱,,,,,,,,0,0,,,,,,,,,,,,,,,
2254,RA_ICEBOUNDTRAP,冰封陷阱,,,,,,,,0,0,,,,,,,,,,,,,,,
2255,NC_MADOLICENCE,魔導機甲執照,,,,,,,,0,0,,,,,,,,,,,,,,,
2256,NC_BOOSTKNUCKLE,噴射飛拳,physical,1,,,,5,(300+Sklv*200+total_DEX)*BaseLv/100,0,1,,,,,,,,,,,,,,,
2257,NC_PILEBUNKER,衝擊椎,,,,,,,,0,0,,,,,,,,,,,,,,,
2258,NC_VULCANARM,火神砲,physical,1,,,,3,(230*Sklv+total_DEX)*BaseLv/100,0,1,,,,,,,,,,,,,,,
2259,NC_FLAMELAUNCHER,火焰噴射器,,,,,,,,0,0,,,,,,,,,,,,,,,
2260,NC_COLDSLOWER,液體冷卻彈,,,,,,,,0,0,,,,,,,,,,,,,,,
2261,NC_ARMSCANNON,加農砲,physical,1,,1,,5,(400+350*Sklv)*BaseLv/100,0,1,,,,,,,,,,,1,1,,,
2262,NC_ACCELERATION,魔導機甲加速,,,,,,,,0,0,,,,,,,,,,,,,,,
2263,NC_HOVERING,懸停,,,,,,,,0,0,,,,,,,,,,,,,,,
2264,NC_F_SIDESLIDE,大步前進,,,,,,,,0,0,,,,,,,,,,,,,,,
2265,NC_B_SIDESLIDE,大步後退,,,,,,,,0,0,,,,,,,,,,,,,,,
2266,NC_MAINFRAME,主體改造,,,,,,,,0,0,,,,,,,,,,,,,,,
2267,NC_SELFDESTRUCTION,自我摧毀,,,,,,,,0,0,,,,,,,,,,,,,,,
2268,NC_SHAPESHIFT,形態轉換,,,,,,,,0,0,,,,,,,,,,,,,,,
2269,NC_EMERGENCYCOOL,緊急冷卻,,,,,,,,0,0,,,,,,,,,,,,,,,
2270,NC_INFRAREDSCAN,紅外線掃瞄,,,,,,,,0,0,,,,,,,,,,,,,,,
2271,NC_ANALYZE,解析,,,,,,,,0,0,,,,,,,,,,,,,,,
2272,NC_MAGNETICFIELD,磁場,,,,,,,,0,0,,,,,,,,,,,,,,,
2273,NC_NEUTRALBARRIER,中性防護罩,,,,,,,,0,0,,,,,,,,,,,,,,,
2274,NC_STEALTHFIELD,隱形力場,,,,,,,,0,0,,,,,,,,,,,,,,,
2275,NC_REPAIR,修復,,,,,,,,0,0,,,,,,,,,,,,,,,
2276,NC_TRAININGAXE,斧頭使用熟練度,,,,,,,,0,0,,,,,,,,,,,,,,,
2277,NC_RESEARCHFE,火焰與大地的研究,,,,,,,,0,0,,,,,,,,,,,,,,,
2278,NC_AXEBOOMERANG,迴旋斧,physical,,,,,,(250+50*SLV+武器重量)*BLV/100,0,1,,,,,,,,,,,,,,,
2279,NC_POWERSWING,揮斧重擊,,,,,,,,0,0,,,,,,,,,,,,,,,
2280,NC_AXETORNADO,戰斧颶風,physical,,,,,5,(200+180*Sklv+total_VIT)*BaseLv/100,0,-6,,,,,,5295,(230+250*Sklv+total_VIT*2)*BaseLv/100,,,,,,,,
2281,NC_SILVERSNIPER,FAW銀光狙擊手,,,,,,,,0,0,,,,,,,,,,,,,,,
2282,NC_MAGICDECOY,FAW魔法傀儡,,,,,,,,0,0,,,,,,,,,,,,,,,
2283,NC_DISJOINT,FAW解體,,,,,,,,0,0,,,,,,,,,,,,,,,
2284,SC_FATALMENACE,致命威脅,physical,,,,,10,(total_AGI*2+Sklv*120)*BaseLv/100,0,WPon(1)2:1,,,,,,5314,(total_AGI*3+Sklv*150)*BaseLv/100,,,,,,,,
2285,SC_REPRODUCE,繁殖,,,,,,,,0,0,,,,,,,,,,,,,,,
2286,SC_AUTOSHADOWSPELL,自動魅影念咒,,,,,,,,0,0,,,,,,,,,,,,,,,
2287,SC_SHADOWFORM,魅影形態,,,,,,,,0,0,,,,,,,,,,,,,,,
2288,SC_TRIANGLESHOT,三角射擊,physical,1,,,,10,(230*Sklv+total_AGI*3)*BaseLv/100,0,-3,,,,,,,,,,,,,,,
2289,SC_BODYPAINT,人體彩繪,,,,,,,,0,0,,,,,,,,,,,,,,,
2290,SC_INVISIBILITY,透明術,,,,,,,,0,0,,,,,,,,,,,,,,,
2291,SC_DEADLYINFECT,致命感染,,,,,,,,0,0,,,,,,,,,,,,,,,
2292,SC_ENERVATION,面具:無力,,,,,,,,0,0,,,,,,,,,,,,,,,
2293,SC_GROOMY,面具-憂鬱,,,,,,,,0,0,,,,,,,,,,,,,,,
2294,SC_IGNORANCE,面具-無知,,,,,,,,0,0,,,,,,,,,,,,,,,
2295,SC_LAZINESS,面具:懶散,,,,,,,,0,0,,,,,,,,,,,,,,,
2296,SC_UNLUCKY,面具-不幸,,,,,,,,0,0,,,,,,,,,,,,,,,
2297,SC_WEAKNESS,面具-衰弱,,,,,,,,0,0,,,,,,,,,,,,,,,
2298,SC_STRIPACCESSARY,卸除配件,,,,,,,,0,0,,,,,,,,,,,,,,,
2299,SC_MANHOLE,人孔,,,,,,,,0,0,,,,,,,,,,,,,,,
2300,SC_DIMENSIONDOOR,異次元之門,,,,,,,,0,0,,,,,,,,,,,,,,,
2301,SC_CHAOSPANIC,混沌恐慌,,,,,,,,0,0,,,,,,,,,,,,,,,
2302,SC_MAELSTROM,漩渦,,,,,,,,0,0,,,,,,,,,,,,,,,
2303,SC_BLOODYLUST,血腥欲望,,,,,,,,0,0,,,,,,,,,,,,,,,
2304,SC_FEINTBOMB,虛擊炸彈,,,,,,,,0,0,,,,,,,,,,,,,,,
2307,LG_CANNONSPEAR,加農砲攻擊,physical,1,,,,5,(120+total_STR)*Sklv*BaseLv/100 ,0,1,0.5,,,,,5263,(200+total_STR)*Sklv*BaseLv/100 ,,,,,,,,
2308,LG_BANISHINGPOINT,放逐攻擊,physical,1,,,,10,(Sklv*100+GSklv(5)*70)*BaseLv/100,0,1,,,,,,5263,(Sklv*180+GSklv(5)*70)*BaseLv/100,,,,,,,,
2309,LG_TRAMPLE,摧殘,,,,,,,,0,0,,,,,,,,,,,,,,,
2310,LG_SHIELDPRESS,重壓盾擊,,,,,,,,0,0,,,,,,,,,,,,,,,
2311,LG_REFLECTDAMAGE,聖冕加護,,,,,,,,0,0,,,,,,,,,,,,,,,
2312,LG_PINPOINTATTACK,精準攻擊,,,,,,,,0,0,,,,,,,,,,,,,,,
2313,LG_FORCEOFVANGUARD,先鋒部隊,,,,,,,,0,0,,,,,,,,,,,,,,,
2314,LG_RAGEBURST,憤怒突擊,,,,,,,,0,0,,,,,,,,,,,,,,,
2315,LG_SHIELDSPELL,盾咒,,,,,,,,0,0,,,,,,,,,,,,,,,
2316,LG_EXEEDBREAK,強化衝擊,physical,0,,,,5,(Sklv*100+(JLV*10)+(武器等級*武器重量*(BaseLv/100)))+100,0,1,0.5,,,,,,,,,,,,,,
2317,LG_OVERBRAND,支配烙印,physical,,,,,5,(Sklv*350+total_STR+total_DEX)*BaseLv/100,0,1,,,,,,2320,(Sklv*500+total_STR+total_DEX)*BaseLv/100,,,,,,,,
2318,LG_PRESTIGE,威信,,,,,,,,0,0,,,,,,,,,,,,,,,
2319,LG_BANDING,聚集,,,,,,,,0,0,,,,,,,,,,,,,,,
2320,LG_MOONSLASHER,半月斬,,,,,,,,0,0,,,,,,,,,,,,,,,
2321,LG_RAYOFGENESIS,創世之光,magic,,,,,10,((Sklv*350)+(3*total_INT))*(BaseLv/100),6,-7,,,,,,,,,,,,,,,
2322,LG_PIETY,虔誠,,,,,,,,0,0,,,,,,,,,,,,,,,
2323,LG_EARTHDRIVE,大地毀滅,physical,,,,,5,(380*Sklv+total_STR+total_VIT)*BaseLv/100,0,-3,,,,,,,,,,,,,,,
2324,LG_HESPERUSLIT,黃昏星之光,,,,,,,,0,0,,,,,,,,,,,,,,,
2325,LG_INSPIRATION,靈感,,,,,,,,0,0,,,,,,,,,,,,,,,
2326,SR_DRAGONCOMBO,雙龍腳,,,,,,,,0,0,,,,,,,,,,,,,,,
2327,SR_SKYNETBLOW,天羅地網,,,,,,,,0,0,,,,,,,,,,,,,,,
2328,SR_EARTHSHAKER,地雷震,,,,,,,,0,0,,,,,,,,,,,,,,,
2329,SR_FALLENEMPIRE,大纏崩墜,,,,,,,,0,0,,,,,,,,,,,,,,,
2330,SR_TIGERCANNON,虎砲,physical,0,,,,10,(MHP*(Sklv*0.02+0.1)+MSP*(Sklv*0.01+0.05))*0.25*(BaseLv/100),0,1,-1,,0,1,,,,,,Sklv*240+BaseLv*40,,,,,
2332,SR_RAMPAGEBLASTER,爆氣散彈,physical,1,,,,5,(1000+350*Sklv)*BaseLv/100,0,1,,,,,,2328,(1000+350*Sklv+500+Sklv*200)*BaseLv/100,,,,,,,,
2333,SR_CRESCENTELBOW,破碎柱,,,,,,,,0,0,,,,,,,,,,,,,,,
2334,SR_CURSEDCIRCLE,咒縛陣,,,,,,,,0,0,,,,,,,,,,,,,,,
2335,SR_LIGHTNINGWALK,閃電步,,,,,,,,0,0,,,,,,,,,,,,,,,
2336,SR_KNUCKLEARROW,修羅身彈,physical,1,,,,10,(500+Sklv*100)*BaseLv/100,0,1,,,,,,,(500+Sklv*200)*BaseLv/100,,,,,,,,
2337,SR_WINDMILL,旋風腿,,,,,,,,0,0,,,,,,,,,,,,,,,
2338,SR_RAISINGDRAGON,潛龍昇天,,,,,,,,0,0,,,,,,,,,,,,,,,
2340,SR_ASSIMILATEPOWER,吸氣攻,,,,,,,,0,0,,,,,,,,,,,,,,,
2341,SR_POWERVELOCITY,全氣注入,,,,,,,,0,0,,,,,,,,,,,,,,,
2343,SR_GATEOFHELL,羅剎破凰擊,physical,1,,,,10,500*Sklv*BaseLv/100,0,-7,,,,,,,,,,,,,,,
2344,SR_GENTLETOUCH_QUIET,點穴-默,,,,,,,,0,0,,,,,,,,,,,,,,,
2345,SR_GENTLETOUCH_CURE,點穴-快,,,,,,,,0,0,,,,,,,,,,,,,,,
2346,SR_GENTLETOUCH_ENERGYGAIN,點穴-球,,,,,,,,0,0,,,,,,,,,,,,,,,
2347,SR_GENTLETOUCH_CHANGE,點穴-反,,,,,,,,0,0,,,,,,,,,,,,,,,
2348,SR_GENTLETOUCH_REVITALIZE,點穴-活,,,,,,,,0,0,,,,,,,,,,,,,,,
2350,WA_SWING_DANCE,搖擺舞,,,,,,,,0,0,,,,,,,,,,,,,,,
2351,WA_SYMPHONY_OF_LOVER,戀人交響樂,,,,,,,,0,0,,,,,,,,,,,,,,,
2352,WA_MOONLIT_SERENADE,月光小夜曲,,,,,,,,0,0,,,,,,,,,,,,,,,
2381,MI_RUSH_WINDMILL,朝風車突擊,,,,,,,,0,0,,,,,,,,,,,,,,,
2382,MI_ECHOSONG,回音之歌,,,,,,,,0,0,,,,,,,,,,,,,,,
2383,MI_HARMONIZE,和聲演奏,,,,,,,,0,0,,,,,,,,,,,,,,,
2412,WM_LESSON,課程,,,,,,,,0,0,,,,,,,,,,,,,,,
2413,WM_METALICSOUND,重金屬音樂,magic,0,,,,10,(600+Sklv*120)*BaseLv/100,0,2,,,,,,5357,(600+Sklv*156)*BaseLv/100,,,,,,,,
2414,WM_REVERBERATION,殘響,magic,0,,,,5,(700+Sklv*300)*BaseLv/100,0,-10,,,,,,5357,(700+Sklv*3.90)*BaseLv/100,,,,,,,,
2417,WM_DOMINION_IMPULSE,支配動力,,,,,,,,0,0,,,,,,,,,,,,,,,
2418,WM_SEVERE_RAINSTORM,大暴雨,physical,1,,,,5,((WPon(13|14)120:100)*Sklv+(total_DEX+total_AGI)/2)*BaseLv/100,0,12,,,,,,,,,,,,,,,
2419,WM_POEMOFNETHERWORLD,絕望之歌,,,,,,,,0,0,,,,,,,,,,,,,,,
2420,WM_VOICEOFSIREN,塞壬之音,,,,,,,,0,0,,,,,,,,,,,,,,,
2421,WM_DEADHILLHERE,死亡峽谷,,,,,,,,0,0,,,,,,,,,,,,,,,
2422,WM_LULLABY_DEEPSLEEP,沉睡搖籃曲,,,,,,,,0,0,,,,,,,,,,,,,,,
2423,WM_SIRCLEOFNATURE,循環的大自然之音,,,,,,,,0,0,,,,,,,,,,,,,,,
2424,WM_RANDOMIZESPELL,不確定要素的語言,,,,,,,,0,0,,,,,,,,,,,,,,,
2425,WM_GLOOMYDAY,羞怯一天的憂鬱,,,,,,,,0,0,,,,,,,,,,,,,,,
2426,WM_GREAT_ECHO,巨大共鳴,,,,,,,,0,0,,,,,,,,,,,,,,,
2427,WM_SONG_OF_MANA,魔力之歌,,,,,,,,0,0,,,,,,,,,,,,,,,
2428,WM_DANCE_WITH_WUG,與狼共舞,,,,,,,,0,0,,,,,,,,,,,,,,,
2429,WM_SOUND_OF_DESTRUCTION,毀滅之聲,,,,,,,,0,0,,,,,,,,,,,,,,,
2430,WM_SATURDAY_NIGHT_FEVER,狂歡週末夜,,,,,,,,0,0,,,,,,,,,,,,,,,
2431,WM_LERADS_DEW,雷拉多露水,,,,,,,,0,0,,,,,,,,,,,,,,,
2432,WM_MELODYOFSINK,消沈旋律,,,,,,,,0,0,,,,,,,,,,,,,,,
2433,WM_BEYOND_OF_WARCRY,戰嚎的彼端,,,,,,,,0,0,,,,,,,,,,,,,,,
2434,WM_UNLIMITED_HUMMING_VOICE,無限哼唱聲,,,,,,,,0,0,,,,,,,,,,,,,,,
2443,SO_FIREWALK,火焰步,,,,,,,,0,0,,,,,,,,,,,,,,,
2444,SO_ELECTRICWALK,電流步,,,,,,,,0,0,,,,,,,,,,,,,,,
2445,SO_SPELLFIST,魔力拳,,,,,,,,0,0,,,,,,,,,,,,,,,
2446,SO_EARTHGRAVE,大地墳場,,,,,,,,0,0,,,,,,,,,,,,,,,
2447,SO_DIAMONDDUST,鑽石星塵,magic,,,,,5,(1500+Sklv*total_INT+2*total_INT)*BaseLv/100,1,-5,,,,,,,,,,,,,,,
2448,SO_POISON_BUSTER,劇毒猛擊,,,,,,,,0,0,,,,,,,,,,,,,,,
2449,SO_PSYCHIC_WAVE,超自然波,magic,0,,,,5,(70*Sklv+total_INT*3)*BaseLv/100,0,WPon(10|15|23)14:7,,,,,,,,,,,,,,,
2450,SO_CLOUD_KILL,雲殺,,,,,,,,0,0,,,,,,,,,,,,,,,
2451,SO_STRIKING,打擊強化,,,,,,,,0,0,,,,,,,,,,,,,,,
2452,SO_WARMER,加熱術,,,,,,,,0,0,,,,,,,,,,,,,,,
2453,SO_VACUUM_EXTREME,極限空虛,,,,,,,,0,0,,,,,,,,,,,,,,,
2454,SO_VARETYR_SPEAR,聖槍刺擊,,,,,,,,0,0,,,,,,,,,,,,,,,
2455,SO_ARRULLO,搖籃曲,,,,,,,,0,0,,,,,,,,,,,,,,,
2456,SO_EL_CONTROL,精靈控制,,,,,,,,0,0,,,,,,,,,,,,,,,
2457,SO_SUMMON_AGNI,召喚火元素,,,,,,,,0,0,,,,,,,,,,,,,,,
2458,SO_SUMMON_AQUA,召喚水精靈阿奎亞,,,,,,,,0,0,,,,,,,,,,,,,,,
2459,SO_SUMMON_VENTUS,召喚風精靈梵圖斯,,,,,,,,0,0,,,,,,,,,,,,,,,
2460,SO_SUMMON_TERA,召喚地精靈泰拉,,,,,,,,0,0,,,,,,,,,,,,,,,
2461,SO_EL_ACTION,精靈激發,,,,,,,,0,0,,,,,,,,,,,,,,,
2462,SO_EL_ANALYSIS,元素分析,,,,,,,,0,0,,,,,,,,,,,,,,,
2463,SO_EL_SYMPATHY,精靈交流,,,,,,,,0,0,,,,,,,,,,,,,,,
2464,SO_EL_CURE,精靈治癒,,,,,,,,0,0,,,,,,,,,,,,,,,
2465,SO_FIRE_INSIGNIA,火之紋章,,,,,,,,0,0,,,,,,,,,,,,,,,
2466,SO_WATER_INSIGNIA,水之紋章,,,,,,,,0,0,,,,,,,,,,,,,,,
2467,SO_WIND_INSIGNIA,風之紋章,,,,,,,,0,0,,,,,,,,,,,,,,,
2468,SO_EARTH_INSIGNIA,地之紋章,,,,,,,,0,0,,,,,,,,,,,,,,,
2474,GN_TRAINING_SWORD,單手劍使用熟練度,,,,,,,,0,0,,,,,,,,,,,,,,,
2475,GN_REMODELING_CART,手推車改良,,,,,,,,0,0,,,,,,,,,,,,,,,
2476,GN_CART_TORNADO,手推車龍捲風,,,,,,,,0,0,,,,,,,,,,,,,,,
2477,GN_CARTCANNON,手推車加農砲,physical,1,1,1,,5,(Sklv*350+2*total_INT/(6-GSklv(2475)))*BaseLv/100,0,1,,,,,,,,,,,1,1,,,
2478,GN_CARTBOOST,手推車加速,,,,,,,,0,0,,,,,,,,,,,,,,,
2479,GN_THORNS_TRAP,荊棘陷阱,physical,0,,,,,,0,0,-1,,,,,,,,,,,,,,
2480,GN_BLOOD_SUCKER,吸血植物,,,,,,,,0,0,,,,,,,,,,,,,,,
2481,GN_SPORE_EXPLOSION,爆炸孢子,,,,,,,,0,0,,,,,,,,,,,,,,,
2482,GN_WALLOFTHORN,荊棘之壁,,,,,,,,0,0,,,,,,,,,,,,,,,
2483,GN_CRAZYWEED,瘋狂野草,,,,,,,,0,0,,,,,,,,,,,,,,,
2485,GN_DEMONIC_FIRE,惡魔火焰,,,,,,,,0,0,,,,,,,,,,,,,,,
2486,GN_FIRE_EXPANSION,火焰擴散,,,,,,,,0,0,,,,,,,,,,,,,,,
2490,GN_HELLS_PLANT,地獄植物,physical,,,,,5,(Sklv*100+total_INT*GSklv(232))*BaseLv/100,0,1,,,,,,,,,,,,,,,
2492,GN_MANDRAGORA,曼陀羅魔花的尖叫,,,,,,,,0,0,,,,,,,,,,,,,,,
2493,GN_SLINGITEM,道具投擲,,,,,,,,0,0,,,,,,,,,,,,,,,
2494,GN_CHANGEMATERIAL,素材變化,,,,,,,,0,0,,,,,,,,,,,,,,,
2495,GN_MIX_COOKING,調配料理,,,,,,,,0,0,,,,,,,,,,,,,,,
2496,GN_MAKEBOMB,炸彈製造,,,,,,,,0,0,,,,,,,,,,,,,,,
2497,GN_S_PHARMACY,專門配藥,,,,,,,,0,0,,,,,,,,,,,,,,,
2515,AB_SECRAMENT,聖典,,,,,,,,0,0,,,,,,,,,,,,,,,
2517,SR_HOWLINGOFLION,獅子吼,,,,,,,,0,0,,,,,,,,,,,,,,,
2518,SR_RIDEINLIGHTNING,雷光彈,,,,,,,,0,0,,,,,,,,,,,,,,,
2533,ALL_ODINS_RECALL,奧丁的召喚,,,,,,,,0,0,,,,,,,,,,,,,,,
2534,RETURN_TO_ELDICASTES,返回艾爾迪卡斯特,,,,,,,,0,0,,,,,,,,,,,,,,,
2535,ALL_BUYING_STORE,開設購買商店,,,,,,,,0,0,,,,,,,,,,,,,,,
2536,ALL_GUARDIAN_RECALL,守護者的召喚,,,,,,,,0,0,,,,,,,,,,,,,,,
2537,ALL_ODINS_POWER,奧丁之神力,,,,,,,,0,0,,,,,,,,,,,,,,,
2539,NPC_ASSASSINCROSS,刺客的黃昏,,,,,,,,0,0,,,,,,,,,,,,,,,
2540,NPC_DISSONANCE,不諧和音,,,,,,,,0,0,,,,,,,,,,,,,,,
2541,NPC_UGLYDANCE,醜陋之舞,,,,,,,,0,0,,,,,,,,,,,,,,,
2543,ALL_RAY_OF_PROTECTION,守護之光,,,,,,,,0,0,,,,,,,,,,,,,,,
2544,MC_CARTDECORATE,改裝手推車II,,,,,,,,0,0,,,,,,,,,,,,,,,
2552,RL_RICHS_COIN,富翁的財貨,,,,,,,,0,0,,,,,,,,,,,,,,,
2553,RL_MASS_SPIRAL,絕對貫穿,,,,,,,,0,0,,,,,,,,,,,,,,,
2554,RL_BANISHING_BUSTER,強制驅逐,,,,,,,,0,0,,,,,,,,,,,,,,,
2555,RL_B_TRAP,暗黑地獄,physical,0,,,,,,0,0,-1,,,,,,,,,,,,,,
2556,RL_FLICKER,閃爍信號,,,,,,,,0,0,,,,,,,,,,,,,,,
2557,RL_S_STORM,粉碎風暴,,,,,,,,0,0,,,,,,,,,,,,,,,
2558,RL_E_CHAIN,無限連鎖,,,,,,,,0,0,,,,,,,,,,,,,,,
2559,RL_QD_SHOT,瞬速子彈,,,,,,,,0,0,,,,,,,,,,,,,,,
2560,RL_C_MARKER,血色烙印,,,,,,,,0,0,,,,,,,,,,,,,,,
2561,RL_FIREDANCE,殺戮暗舞,,,,,,,,0,0,,,,,,,,,,,,,,,
2562,RL_H_MINE,破壞怒吼,,,,,,,,0,0,,,,,,,,,,,,,,,
2563,RL_P_ALTER,白金祭壇,,,,,,,,0,0,,,,,,,,,,,,,,,
2564,RL_FALLEN_ANGEL,墮落天使,,,,,,,,0,0,,,,,,,,,,,,,,,
2565,RL_R_TRIP,圓桌舞蹈,physical,1,,,,10,(500+Sklv*200)*BaseLv/100,0,1,,,,,,,,,,,0,,,,
2566,RL_D_TAIL,魔獸擺尾,,,,,,,,0,0,,,,,,,,,,,,,,,
2567,RL_FIRE_RAIN,火焰暴雨,,,,,,,,0,0,,,,,,,,,,,,,,,
2568,RL_HEAT_BARREL,加速子彈,,,,,,,,0,0,,,,,,,,,,,,,,,
2569,RL_AM_BLAST,毀滅重擊,,,,,,,,0,0,,,,,,,,,,,,,,,
2570,RL_SLUGSHOT,根源破壞,,,,,,,,0,0,,,,,,,,,,,,,,,
2571,RL_HAMMER_OF_GOD,天神憤怒,,,,,,,,0,0,,,,,,,,,,,,,,,
2574,SJ_LIGHTOFMOON,月亮光輝,,,,,,,,0,0,,,,,,,,,,,,,,,
2575,SJ_LUNARSTANCE,月亮英姿,,,,,,,,0,0,,,,,,,,,,,,,,,
2576,SJ_FULLMOONKICK,滿月腳,physical,,,,,10,(1100+Sklv*100)*BaseLv/100,0,1,,,,,,,,,,,,,,,
2577,SJ_LIGHTOFSTAR,星星光輝,,,,,,,,0,0,,,,,,,,,,,,,,,
2578,SJ_STARSTANCE,星星英姿,,,,,,,,0,0,,,,,,,,,,,,,,,
2579,SJ_NEWMOONKICK,朔月腳,,,,,,,,0,0,,,,,,,,,,,,,,,
2580,SJ_FLASHKICK,閃光腳,,,,,,,,0,0,,,,,,,,,,,,,,,
2581,SJ_STAREMPEROR,拳皇降臨,,,,,,,,0,0,,,,,,,,,,,,,,,
2582,SJ_NOVAEXPLOSING,新星爆炸,,,,,,,,0,0,,,,,,,,,,,,,,,
2583,SJ_UNIVERSESTANCE,宇宙英姿,,,,,,,,0,0,,,,,,,,,,,,,,,
2584,SJ_FALLINGSTAR,流星殞落,physical,0,,,,10,(100+Sklv*100)*BaseLv/100,0,-6,,,,,,,,,,,0,0,,,
2585,SJ_GRAVITYCONTROL,重力調整,,,,,,,,0,0,,,,,,,,,,,,,,,
2586,SJ_BOOKOFDIMENSION,次元之書,,,,,,,,0,0,,,,,,,,,,,,,,,
2587,SJ_BOOKOFCREATINGSTAR,創星之書,,,,,,,,0,0,,,,,,,,,,,,,,,
2588,SJ_DOCUMENT,太陽和月亮和星星的紀錄,,,,,,,,0,0,,,,,,,,,,,,,,,
2589,SJ_PURIFY,太陽和月亮和星星的淨化,,,,,,,,0,0,,,,,,,,,,,,,,,
2590,SJ_LIGHTOFSUN,太陽光輝,,,,,,,,0,0,,,,,,,,,,,,,,,
2591,SJ_SUNSTANCE,太陽英姿,,,,,,,,0,0,,,,,,,,,,,,,,,
2592,SJ_SOLARBURST,太陽爆炸,physical,,,,,10,(1000+Sklv*220)*BaseLv/100,0,-3,,,,,,,,,,,,,,,
2593,SJ_PROMINENCEKICK,紅焰腳,physical,,,,,7,150+Sklv*50,0,1,,,,,,,,,,,,,,,
2594,SJ_FALLINGSTAR_ATK,流星殞落,,,,,,,,0,0,,,,,,,,,,,,,,,
2595,SJ_FALLINGSTAR_ATK2,流星殞落,,,,,,,,0,0,,,,,,,,,,,,,,,
2596,SP_SOULGOLEM,巨人靈魂,,,,,,,,0,0,,,,,,,,,,,,,,,
2597,SP_SOULSHADOW,影子靈魂,,,,,,,,0,0,,,,,,,,,,,,,,,
2598,SP_SOULFALCON,隼鷹靈魂,,,,,,,,0,0,,,,,,,,,,,,,,,
2599,SP_SOULFAIRY,精靈靈魂,,,,,,,,0,0,,,,,,,,,,,,,,,
2600,SP_CURSEEXPLOSION,邪靈爆炸,magic,,,,,10,400+Sklv*100,7,-7,,,,,,,,,,,,,,,
2601,SP_SOULCURSE,邪惡靈魂詛咒,,,,,,,,0,0,,,,,,,,,,,,,,,
2602,SP_SPA,艾斯帕,magic,,,,,10,(500+Sklv*250)*BaseLv/100,0,1,,,,,,,,,,,,,,,
2603,SP_SHA,艾斯哈,,,,,,,,0,0,,,,,,,,,,,,,,,
2604,SP_SWHOO,艾斯核,magic,,,,,10,(1100+Sklv*200)*BaseLv/100,0,-5,,,,,,,,,,,,,,,
2605,SP_SOULUNITY,靈魂集結,,,,,,,,0,0,,,,,,,,,,,,,,,
2606,SP_SOULDIVISION,靈魂分裂,,,,,,,,0,0,,,,,,,,,,,,,,,
2607,SP_SOULREAPER,靈魂收割,,,,,,,,0,0,,,,,,,,,,,,,,,
2608,SP_SOULREVOLVE,靈魂循環,,,,,,,,0,0,,,,,,,,,,,,,,,
2609,SP_SOULCOLLECT,靈魂蓄積,,,,,,,,0,0,,,,,,,,,,,,,,,
2610,SP_SOULEXPLOSION,靈魂引爆,,,,,,,,0,0,,,,,,,,,,,,,,,
2611,SP_SOULENERGY,靈魂能量研究,,,,,,,,0,0,,,,,,,,,,,,,,,
2612,SP_KAUTE,凱渥特,,,,,,,,0,0,,,,,,,,,,,,,,,
3001,KO_YAMIKUMO,暗雲,,,,,,,,0,0,,,,,,,,,,,,,,,
3002,KO_RIGHT,右手修練,,,,,,,,0,0,,,,,,,,,,,,,,,
3003,KO_LEFT,左手修練,,,,,,,,0,0,,,,,,,,,,,,,,,
3004,KO_JYUMONJIKIRI,幽冥十字斬,,,,,,,,0,0,,,,,,,,,,,,,,,
3005,KO_SETSUDAN,靈魂阻隔,,,,,,,,0,0,,,,,,,,,,,,,,,
3006,KO_BAKURETSU,炸彈飛刀,,,,,,,,0,0,,,,,,,,,,,,,,,
3007,KO_HAPPOKUNAI,八方飛刀,,,,,,,,0,0,,,,,,,,,,,,,,,
3008,KO_MUCHANAGE,投擲魔幣,physical,0,,,,,,0,0,-1,,,,,,,,,,,,,,
3009,KO_HUUMARANKA,風魔飛鏢之飛舞,,,,,,,,0,0,,,,,,,,,,,,,,,
3010,KO_MAKIBISHI,投擲三角釘,,,,,,,,0,0,,,,,,,,,,,,,,,
3011,KO_MEIKYOUSISUI,明鏡止水,,,,,,,,0,0,,,,,,,,,,,,,,,
3012,KO_ZANZOU,幻術 – 殘影,,,,,,,,0,0,,,,,,,,,,,,,,,
3013,KO_KYOUGAKU,幻術 – 驚恐,,,,,,,,0,0,,,,,,,,,,,,,,,
3014,KO_JYUSATSU,幻術 – 咒死,,,,,,,,0,0,,,,,,,,,,,,,,,
3015,KO_KAHU_ENTEN,火符:炎天,,,,,,,,0,0,,,,,,,,,,,,,,,
3016,KO_HYOUHU_HUBUKI,冰符:吹雪,,,,,,,,0,0,,,,,,,,,,,,,,,
3017,KO_KAZEHU_SEIRAN,風符:青嵐,,,,,,,,0,0,,,,,,,,,,,,,,,
3018,KO_DOHU_KOUKAI,地符:剛塊,,,,,,,,0,0,,,,,,,,,,,,,,,
3019,KO_KAIHOU,法術–釋放,,,,,,,,0,0,,,,,,,,,,,,,,,
3020,KO_ZENKAI,法術–施展,,,,,,,,0,0,,,,,,,,,,,,,,,
3021,KO_GENWAKU,幻術–迷惑,,,,,,,,0,0,,,,,,,,,,,,,,,
3022,KO_IZAYOI,十六夜,,,,,,,,0,0,,,,,,,,,,,,,,,
3023,KG_KAGEHUMI,踏影,,,,,,,,0,0,,,,,,,,,,,,,,,
3024,KG_KYOMU,虛無飄妙之影,,,,,,,,0,0,,,,,,,,,,,,,,,
3025,KG_KAGEMUSYA,影子武士,,,,,,,,0,0,,,,,,,,,,,,,,,
3026,OB_ZANGETSU,變形的上弦月,,,,,,,,0,0,,,,,,,,,,,,,,,
3027,OB_OBOROGENSOU,陰月的幻影,,,,,,,,0,0,,,,,,,,,,,,,,,
3029,OB_AKAITSUKI,不祥的紅月,,,,,,,,0,0,,,,,,,,,,,,,,,
3031,ECL_SNOWFLIP,冰雪寒葉,,,,,,,,0,0,,,,,,,,,,,,,,,
3032,ECL_PEONYMAMY,粉紅厚葉,,,,,,,,0,0,,,,,,,,,,,,,,,
3033,ECL_SADAGUI,筮答葵葉,,,,,,,,0,0,,,,,,,,,,,,,,,
3034,ECL_SEQUOIADUST,世界樹之塵,,,,,,,,0,0,,,,,,,,,,,,,,,
3035,ECLAGE_RECALL,返回艾可拉珠,,,,,,,,0,0,,,,,,,,,,,,,,,
3036,BA_POEMBRAGI2,布萊奇之詩,,,,,,,,0,0,,,,,,,,,,,,,,,
3037,DC_FORTUNEKISS2,女神之吻,,,,,,,,0,0,,,,,,,,,,,,,,,
3039,GM_FORCE_TRANSFER,轉移力量,,,,,,,,0,0,,,,,,,,,,,,,,,
3040,GM_WIDE_RESURRECTION,廣泛復活術,,,,,,,,0,0,,,,,,,,,,,,,,,
3041,ALL_NIFLHEIM_RECALL,前往尼芙菲姆!,,,,,,,,0,0,,,,,,,,,,,,,,,
3042,ALL_PRONTERA_RECALL,返回普隆德拉,,,,,,,,0,0,,,,,,,,,,,,,,,
3043,ALL_GLASTHEIM_RECALL,返回克雷斯特漢姆,,,,,,,,0,0,,,,,,,,,,,,,,,
3044,ALL_THANATOS_RECALL,返回達納托斯,,,,,,,,0,0,,,,,,,,,,,,,,,
5001,GC_DARKCROW,致命爪痕,,,,,,,,0,0,,,,,,,,,,,,,,,
5002,RA_UNLIMIT,菁英狙擊,,,,,,,,0,0,,,,,,,,,,,,,,,
5003,GN_ILLUSIONDOPING,幻覺禁藥,,,,,,,,0,0,,,,,,,,,,,,,,,
5004,RK_DRAGONBREATH_WATER,龍之氣息-水,physical,0,,,,,,0,0,-1,,,,,,,,,,,,,,
5005,RK_LUXANIMA,盧恩爆發,,,,,,,,0,0,,,,,,,,,,,,,,,
5006,NC_MAGMA_ERUPTION,岩漿噴發,physical,0,,,,,,0,0,-1,,,,,,,,,,,,,,
5007,WM_FRIGG_SONG,豐年頌,,,,,,,,0,0,,,,,,,,,,,,,,,
5008,SO_ELEMENTAL_SHIELD,精靈結界,,,,,,,,0,0,,,,,,,,,,,,,,,
5009,SR_FLASHCOMBO,閃光連擊,,,,,,,,0,0,,,,,,,,,,,,,,,
5010,SC_ESCAPE,緊急脫身,,,,,,,,0,0,,,,,,,,,,,,,,,
5011,AB_OFFERTORIUM,奉獻頌,,,,,,,,0,0,,,,,,,,,,,,,,,
5012,WL_TELEKINESIS_INTENSE,終極念力,,,,,,,,0,0,,,,,,,,,,,,,,,
5013,LG_KINGS_GRACE,王的恩典,,,,,,,,0,0,,,,,,,,,,,,,,,
5014,ALL_FULL_THROTTLE,烈火戰車,,,,,,,,0,0,,,,,,,,,,,,,,,
5018,SU_BASIC_SKILL,新基本技能,,,,,,,,0,0,,,,,,,,,,,,,,,
5019,SU_BITE,狠咬,,,,,,,,0,0,,,,,,,,,,,,,,,
5020,SU_HIDE,躲藏,,,,,,,,0,0,,,,,,,,,,,,,,,
5021,SU_SCRATCH,抓傷,,,,,,,,0,0,,,,,,,,,,,,,,,
5022,SU_STOOP,俯身,,,,,,,,0,0,,,,,,,,,,,,,,,
5023,SU_LOPE,跳躍,,,,,,,,0,0,,,,,,,,,,,,,,,
5024,SU_SPRITEMABLE,靈魂魔珠,,,,,,,,0,0,,,,,,,,,,,,,,,
5025,SU_POWEROFLAND,大地力量,,,,,,,,0,0,,,,,,,,,,,,,,,
5026,SU_SV_STEMSPEAR,獼猴桃梗槍,magic,,,,,5,700,0,2,,,,,,,,,,,,,,,
5027,SU_CN_POWDERING,貓薄荷灑粉,,,,,,,,0,0,,,,,,,,,,,,,,,
5028,SU_CN_METEOR,貓薄荷隕石,magic,,,,,5,(200+Sklv*100+total_INT*5)*BaseLv/100,0,-5,,,,,,,,,,,,,,,
5029,SU_SV_ROOTTWIST,獼猴桃根莖纏繞,,,,,,,,0,0,,,,,,,,,,,,,,,
5031,SU_POWEROFLIFE,生命力量,,,,,,,,0,0,,,,,,,,,,,,,,,
5032,SU_SCAROFTAROU,白鼠創傷,,,,,,,,0,0,,,,,,,,,,,,,,,
5033,SU_PICKYPECK,小雞啄擊,,,,,,,,0,0,,,,,,,,,,,,,,,
5035,SU_ARCLOUSEDASH,捲甲蟲暴衝,,,,,,,,0,0,,,,,,,,,,,,,,,
5036,SU_LUNATICCARROTBEAT,瘋兔胡蘿蔔重擊,,,,,,,,0,0,,,,,,,,,,,,,,,
5037,SU_POWEROFSEA,海洋力量,,,,,,,,0,0,,,,,,,,,,,,,,,
5038,SU_TUNABELLY,鮪魚肚肉,,,,,,,,0,0,,,,,,,,,,,,,,,
5039,SU_TUNAPARTY,鮪魚派對,,,,,,,,0,0,,,,,,,,,,,,,,,
5040,SU_BUNCHOFSHRIMP,蝦群,,,,,,,,0,0,,,,,,,,,,,,,,,
5041,SU_FRESHSHRIMP,活蝦,,,,,,,,0,0,,,,,,,,,,,,,,,
5044,SU_SOULATTACK,靈魂攻擊,,,,,,,,0,0,,,,,,,,,,,,,,,
5045,SU_POWEROFFLOCK,喵喵威武,,,,,,,,0,0,,,,,,,,,,,,,,,
5046,SU_SVG_SPIRIT,野豬之魂,,,,,,,,0,0,,,,,,,,,,,,,,,
5047,SU_HISS,嘶嘶聲,,,,,,,,0,0,,,,,,,,,,,,,,,
5048,SU_NYANGGRASS,喵喵草,,,,,,,,0,0,,,,,,,,,,,,,,,
5049,SU_GROOMING,舔毛,,,,,,,,0,0,,,,,,,,,,,,,,,
5050,SU_PURRING,咕嚕咕嚕,,,,,,,,0,0,,,,,,,,,,,,,,,
5051,SU_SHRIMPARTY,美味活蝦派對,,,,,,,,0,0,,,,,,,,,,,,,,,
5052,SU_SPIRITOFLIFE,生命之魂,,,,,,,,0,0,,,,,,,,,,,,,,,
5053,SU_MEOWMEOW,喵喵,,,,,,,,0,0,,,,,,,,,,,,,,,
5054,SU_SPIRITOFLAND,大地之魂,,,,,,,,0,0,,,,,,,,,,,,,,,
5055,SU_CHATTERING,喵喵不休,,,,,,,,0,0,,,,,,,,,,,,,,,
5056,SU_SPIRITOFSEA,海洋之魂,,,,,,,,0,0,,,,,,,,,,,,,,,
5063,WE_CALLALLFAMILY,當我們同在一起,,,,,,,,0,0,,,,,,,,,,,,,,,
5064,WE_ONEFOREVER,生生世世永不分離,,,,,,,,0,0,,,,,,,,,,,,,,,
5065,WE_CHEERUP,爸比媽咪請加油,,,,,,,,0,0,,,,,,,,,,,,,,,
5068,CG_SPECIALSINGER,職人演奏家,,,,,,,,0,0,,,,,,,,,,,,,,,
5072,AB_VITUPERATUM,天罰,,,,,,,,0,0,,,,,,,,,,,,,,,
5073,AB_CONVENIO,集結,,,,,,,,0,0,,,,,,,,,,,,,,,
5075,NV_BREAKTHROUGH,突破極限,,,,,,,,0,0,,,,,,,,,,,,,,,
5076,NV_HELPANGEL,救援天使!,,,,,,,,0,0,,,,,,,,,,,,,,,
5077,NV_TRANSCENDENCE,心靈超越,,,,,,,,0,0,,,,,,,,,,,,,,,
5078,WL_READING_SB_READING,閱讀魔法書,,,,,,,,0,0,,,,,,,,,,,,,,,
5201,DK_SERVANTWEAPON,死侍武器,physical,,,,,5,(600+Sklv*850+total_POW*5)*BaseLv/100,0,3,,,,,,,,,,,,,,,
5202,DK_SERVANTWEAPON_ATK,死侍武器,,,,,,,,0,0,,,,,,,,,,,,,,,
5203,DK_SERVANT_W_SIGN,死侍武器-標記,,,,,,,,0,0,,,,,,,,,,,,,,,
5204,DK_SERVANT_W_PHANTOM,死侍武器-瞬幻,,,,,,,,0,0,,,,,,,,,,,,,,,
5205,DK_SERVANT_W_DEMOL,死侍武器-破滅,,,,,,,,0,0,,,,,,,,,,,,,,,
5206,DK_CHARGINGPIERCE,蓄力刺擊,,,,,,,,0,0,,,,,,,,,,,,,,,
5207,DK_TWOHANDDEF,雙向防禦,,,,,,,,0,0,,,,,,,,,,,,,,,
5208,DK_HACKANDSLASHER,橫揮斬,physical,0,,,5,10,(350+Sklv*820+total_POW*7)*BaseLv/100,0,2,0.5,,,,,,,,,,,,,,
5210,DK_DRAGONIC_AURA,天龍光環,physical,1,,0,,10,(Sklv*3650+total_POW*10)*BaseLv/100,0,1,,,,,"7,8",,(Sklv*3800+total_POW*10)*BaseLv/100,,,,1,0,,,
5211,DK_MADNESS_CRUSHER,狂暴粉碎,physical,1,,,,5,(1000+Sklv*3800+total_POW*10+武器等級*武器重量)*Sklv/100,0,1,,,,,,,,,,,,,,,
5212,DK_VIGOR,活力之源,,,,,,,,0,0,,,,,,,,,,,,,,,
5213,DK_STORMSLASH,風暴斬擊,physical,0,,,,5,(300+Sklv*750+total_POW*5)*BaseLv/100,0,Sklv,0.5,,,,,,,,,,,,,,
5214,AG_DEADLY_PROJECTION,致命放射,,,,,,,,0,0,,,,,,,,,,,,,,,
5215,AG_DESTRUCTIVE_HURRICANE,毀滅颶風,magic,,,,,5,(600+Sklv*2850+total_SPL*5)*BaseLv/100,4,10,,,,,,,,,,,,,,,
5216,AG_RAIN_OF_CRYSTAL,冰晶飛瀑,magic,,,,,5,(180+Sklv*760+total_SPL*5)*BaseLv/100,1,8,,,,,,,,,,,,,,,
5217,AG_MYSTERY_ILLUSION,神秘幻滅,magic,,,,,5,(Sklv*950+total_SPL*5)*BaseLv/100,7,14,,,,,,,,,,,,,,,
5218,AG_VIOLENT_QUAKE,震裂術,magic,0,,0,,5,(200+Sklv*1200+total_SPL*5)*BaseLv/100,2,Sklv*2,,,,,,,,,,,0,0,,,
5220,AG_SOUL_VC_STRIKE,靈魂連擊,magic,,,,,5,(Sklv*300+total_SPL*3)*BaseLv/100,8,Sklv+2,,,,,,,,,,,,,,,
5221,AG_STRANTUM_TREMOR,地層震動,magic,,,,,5,(100+Sklv*730+total_SPL*5)*BaseLv/100,2,5,,,,,,,,,,,,,,,
5222,AG_ALL_BLOOM,萬紫千紅,magic,,,,,5,(200+Sklv*1200+total_SPL*5)*BaseLv/100,3,Sklv*2,,,,,,,,,,,,,,,
5225,AG_CRYSTAL_IMPACT,水晶波爆,magic,,,,,5,(250+Sklv*1300+total_SPL*5)*BaseLv/100,1,2,,,,,,,,,,,,,,,
5226,AG_CRYSTAL_IMPACT_ATK,水晶波爆_ATK,,,,,,,,0,0,,,,,,,,,,,,,,,
5227,AG_TORNADO_STORM,龍捲風暴,magic,,,,,5,(100+Sklv*760+total_SPL*5)*BaseLv/100,4,10,,,,,,,,,,,,,,,
5228,AG_TWOHANDSTAFF,雙手杖使用熟練度,,,,,,,,0,0,,,,,,,,,,,,,,,
5229,AG_FLORAL_FLARE_ROAD,焰火之徑,magic,,,,,5,(50+Sklv*740+total_SPL*5)*BaseLv/100,3,5,,,,,,,,,,,,,,,
5230,AG_ASTRAL_STRIKE,星際突襲,magic,0,,,,10,(300+Sklv*1800+total_SPL*3)*BaseLv/100,0,12,,,,,"1,9",,(400+Sklv*2100+total_SPL*3)*BaseLv/100,,,,,,,,
5232,AG_CLIMAX,魔力巔峰,,,,,,,,0,0,,,,,,,,,,,,,,,
5233,AG_ROCK_DOWN,巨石降臨,magic,,,,,5,(Sklv*1550+total_SPL*5)*BaseLv/100,2,-5,,,,,,5232,(Sklv*1850+total_SPL*5)*BaseLv/100,,,,,,,,
5234,AG_STORM_CANNON,暴風加農砲,magic,0,,,,5,(Sklv*1550+total_SPL*5)*BaseLv/100,4,-2,,,,,,5232,(Sklv*1850+total_SPL*5)*BaseLv/100,,,,,,,,
5235,AG_CRIMSON_ARROW,豔紅魔矢,magic,0,,,,5,(Sklv*400+total_SPL*3)*BaseLv/100,3,1,,(Sklv*750+total_SPL*5)*BaseLv/100,3,-2,,5232,,(Sklv*750+total_SPL*5)*BaseLv/100*2,,,,,,,
5236,AG_CRIMSON_ARROW_ATK,豔紅魔矢_ATK,magic,,,,,,(Sklv*350+total_SPL*3)*BaseLv/100,3,1,,(Sklv*700+total_SPL*5)*BaseLv/100,3,-2,,,,,,,,,,,
5237,AG_FROZEN_SLASH,冰刃斬擊,magic,,,,,5,(400+Sklv*950+total_SPL*5)*BaseLv/100,1,-3,,,,,,5232,(550+Sklv*1300+total_SPL*5)*BaseLv/100,,,,,,,,
5238,IQ_POWERFUL_FAITH,堅毅信念,,,,,,,,0,0,,,,,,,,,,,,,,,
5239,IQ_FIRM_FAITH,堅定信念,,,,,,,,0,0,,,,,,,,,,,,,,,
5240,IQ_WILL_OF_FAITH,信念意志,,,,,,,,0,0,,,,,,,,,,,,,,,
5241,IQ_OLEUM_SANCTUM,聖油洗禮,,,,,,,,0,0,,,,,,,,,,,,,,,
5242,IQ_SINCERE_FAITH,真誠信念,,,,,,,,0,0,,,,,,,,,,,,,,,
5243,IQ_MASSIVE_F_BLASTER,焰魔散彈,physical,0,,,,10,(Sklv*2150+total_POW*15)*(BaseLv/100),0,1,0.5,,,,"6,2",,(Sklv*2300+total_POW*30)*(BaseLv/100),,,,,,,,
5244,IQ_EXPOSION_BLASTER,爆破衝擊,physical,1,,,,5,(450+2600*Sklv+total_POW*10)*BaseLv/100,0,1,0.5,,,,,5241,(450+3550*Sklv+total_POW*15)*BaseLv/100,,,,,,,,
5245,IQ_FIRST_BRAND,第一擊:烙印,,,,,,,,0,0,,,,,,,,,,,,,,,
5246,IQ_FIRST_FAITH_POWER,首章:信仰之力,,,,,,,,0,0,,,,,,,,,,,,,,,
5247,IQ_JUDGE,次章:審判者,,,,,,,,0,0,,,,,,,,,,,,,,,
5248,IQ_SECOND_FLAME,第二擊:火焰滅絕,,,,,,,,0,0,,,,,,,,,,,,,,,
5249,IQ_SECOND_FAITH,第二擊:信念,,,,,,,,0,0,,,,,,,,,,,,,,,
5250,IQ_SECOND_JUDGEMENT,第二擊:審判,,,,,,,,0,0,,,,,,,,,,,,,,,
5251,IQ_THIRD_PUNISH,第三擊:懲治,physical,0,,,,5,(450+Sklv*1800+total_POW*10)*BaseLv/100,0,3,,,,,,,,,,,,,,,
5252,IQ_THIRD_FLAME_BOMB,第三擊:火焰彈,physical,0,,,,5,(floor(MHP*0.2)+Sklv*650+total_POW*10)*(BaseLv/100),0,3,-1,,,,,,,,,,,,,,
5253,IQ_THIRD_CONSECRATION,第三擊:淨化,,,,,,,,0,0,,,,,,,,,,,,,,,
5254,IQ_THIRD_EXOR_FLAME,最終章:驅魔火焰,,,,,,,,0,0,,,,,,,,,,,,,,,
5255,IG_GUARD_STANCE,防禦架式,,,,,,,,0,0,,,,,,,,,,,,,,,
5256,IG_GUARDIAN_SHIELD,守護神盾,shield,0,,0,,5,((MHP*0.3)*(Sklv*0.25))+(3750*total_STA*(BaseLv/100)),0,1,,,,,,,,,,,0,0,,,
5257,IG_REBOUND_SHIELD,回彈神盾,,,,,,,,0,0,,,,,,,,,,,,,,,
5258,IG_SHIELD_MASTERY,防盾精熟,,,,,,,,0,0,,,,,,,,,,,,,,,
5259,IG_SPEAR_SWORD_M,矛&劍精熟,,,,,,,,0,0,,,,,,,,,,,,,,,
5260,IG_ATTACK_STANCE,攻擊架式,,,,,,,,0,0,,,,,,,,,,,,,,,
5261,IG_ULTIMATE_SACRIFICE,終極犧牲,,,,,,,,0,0,,,,,,,,,,,,,,,
5262,IG_HOLY_SHIELD,抗性聖盾,,,,,,,,0,0,,,,,,,,,,,,,,,
5263,IG_GRAND_JUDGEMENT,末日審判,physical,1,,,,5,(250+1500*Sklv+total_POW*10)*BaseLv/100,0,-10,0.5,,,,"3,4",,(350+1650*Sklv+total_POW*10)*BaseLv/100,,,,,,,,
5264,IG_JUDGEMENT_CROSS,交錯審判,magic,,,,,10,(1950*Sklv+total_SPL*10)*BaseLv/100,6,1,,,,,"3,4",,(1950*Sklv+total_SPL*10)*BaseLv/100,,,,,,,,
5265,IG_SHIELD_SHOOTING,盾牌投擲,physical,1,,,,5,(1000+(3500+150*10)*Sklv+total_POW*10+total_SRL*100+盾牌重量)*BaseLv/100,0,-7,,,,,,,,,,,,,,,
5266,IG_OVERSLASH,瞬間斬擊,physical,,,,,10,((220+50*GSklv(5259))*Sklv+total_POW*7)*BaseLv/100,0,3,,,,,,,,,,,,,,,
5267,IG_CROSS_RAIN,聖十字雨,magic,0,,,,10,((450+10*GSklv(5259))*Sklv+total_SPL*7)*BaseLv/100,6,8,,,,,,5262,((650+15*GSklv(5259))*Sklv+total_SPL*7)*BaseLv/100,,,,,,,,
5268,CD_REPARATIO,聖光治癒,,,,,,,,0,0,,,,,,,,,,,,,,,
5269,CD_MEDIALE_VOTUM,治癒誓言,,,,,,,,0,0,,,,,,,,,,,,,,,
5270,CD_MACE_BOOK_M,鈍器&書籍精熟,,,,,,,,0,0,,,,,,,,,,,,,,,
5271,CD_ARGUTUS_VITA,光耀天命,,,,,,,,0,0,,,,,,,,,,,,,,,
5272,CD_ARGUTUS_TELUM,神聖防護,,,,,,,,0,0,,,,,,,,,,,,,,,
5273,CD_ARBITRIUM,制裁謳歌,magic,0,,0,,10,((1000+10*GSklv(5276))*Sklv+total_SPL*7)*BaseLv/100,6,1,,((1750+50*GSklv(5276))*Sklv+total_SPL*10)*BaseLv/100,6,1,,,,,,,0,0,,,
5274,CD_ARBITRIUM_ATK,制裁謳歌_ATK,magic,,,,,,((1000+10*GSklv(5276))*Sklv+total_SPL*7)*BaseLv/100,6,1,,((1750+50*GSklv(5276))*Sklv+total_SPL*10)*BaseLv/100,6,1,,,,,,,,,,,
5275,CD_PRESENS_ACIES,爆裂聖光,,,,,,,,0,0,,,,,,,,,,,,,,,
5276,CD_FIDUS_ANIMUS,靈魂忠誠,,,,,,,,0,0,,,,,,,,,,,,,,,
5277,CD_EFFLIGO,破壞擊,physical,,,,,10,(1650*Sklv+total_POW*7+8*GSklv(5270))*BaseLv/100,6,1,,,,,"6,1",,(1800*Sklv+total_POW*7+15*GSklv(5270))*BaseLv/100,,,,,,,,
5278,CD_COMPETENTIA,神聖權能,,,,,,,,0,0,,,,,,,,,,,,,,,
5279,CD_PNEUMATICUS_PROCELLA,驅魔風暴,magic,,,,,10,(150+2100*Sklv+total_SPL*10+3*GSklv(5276))*BaseLv/100,0,4,,,,,"6,1",,(200+2250*Sklv+total_SPL*10+5*GSklv(5276))*BaseLv/100,,,,,,,,
5280,CD_DILECTIO_HEAL,博愛治癒,,,,,,,,0,0,,,,,,,,,,,,,,,
5281,CD_RELIGIO,全心奉獻,,,,,,,,0,0,,,,,,,,,,,,,,,
5282,CD_BENEDICTUM,祝福讚歌,,,,,,,,0,0,,,,,,,,,,,,,,,
5283,CD_PETITIO,聖光打擊,physical,0,,,8,10,((1050+50*GSklv(5270))*Sklv+total_POW*5)*BaseLv/100,6,1,0.5,,,,,,,,,,,,,,
5284,CD_FRAMEN,聖靈鎮魂,magic,0,,,,5,((950+5*GSklv(5276))*Sklv+total_SPL*3)*BaseLv/100,6,1,,,,,"1,6",,((1050+5*GSklv(5276))*Sklv+total_SPL*5)*BaseLv/100,,,,,,,,
5285,SHC_SHADOW_EXCEED,魅影強化,,,,,,,,0,0,,,,,,,,,,,,,,,
5286,SHC_DANCING_KNIFE,舞動血刃,,,,,,,,0,0,,,,,,,,,,,,,,,
5287,SHC_SAVAGE_IMPACT,野蠻衝擊,physical,,,,,10,(Sklv*105+total_POW*5)*BaseLv/100,0,3,0.5,,,,,5285,(Sklv*125+total_POW*7)*BaseLv/100,,,,,,,,
5288,SHC_SHADOW_SENSE,影刃旋舞,,,,,,,,0,0,,,,,,,,,,,,,,,
5289,SHC_ETERNAL_SLASH,永恆斬擊,physical,0,,,,5,(Sklv*300+total_POW*2)*BaseLv/100,0,1,0.5,,,,,5285,(Sklv*740+total_POW*3)*BaseLv/100,,,,,,,,
5290,SHC_POTENT_VENOM,強效毒液,,,,,,,,0,0,,,,,,,,,,,,,,,
5291,SHC_SHADOW_STAB,暗影刺擊,physical,0,,,,5,(Sklv*550+total_POW*5)*BaseLv/100,0,3,,,,,,2033,(Sklv*650+total_POW*7)*BaseLv/100,,,,1,0,,,
5292,SHC_IMPACT_CRATER,神力撞擊,physical,0,,,,5,(Sklv*80+total_POW*3)*BaseLv/100,0,10,0.5,,,,,,,,,,0,0,,,
5293,SHC_ENCHANTING_SHADOW,迷惑魅影,,,,,,,,0,0,,,,,,,,,,,,,,,
5294,SHC_FATAL_SHADOW_CROW,致命影爪,physical,0,,,,10,(Sklv*1300+total_POW*10)*BaseLv/100,0,1,0.5,,,,"7,9",,(Sklv*1450+total_POW*10)*BaseLv/100,,,,0,0,,,
5295,MT_AXE_STOMP,戰斧踏滅,physical,0,,0,,5,(450+Sklv*1150+total_POW*5)*BaseLv/100,0,WPon(7)3:1,,,,,,,,,,,0,0,,,
5296,MT_RUSH_QUAKE,衝擊撼動,,,,,,,,0,0,,,,,,,,,,,,,,,
5297,MT_M_MACHINE,製造裝置,,,,,,,,0,0,,,,,,,,,,,,,,,
5298,MT_A_MACHINE,啟動攻擊裝置,,,,,,,,0,0,,,,,,,,,,,,,,,
5299,MT_D_MACHINE,啟動防禦裝置(,,,,,,,,0,0,,,,,,,,,,,,,,,
5300,MT_TWOAXEDEF,雙手斧防禦,,,,,,,,0,0,,,,,,,,,,,,,,,
5301,MT_ABR_M,ABR精熟,,,,,,,,0,0,,,,,,,,,,,,,,,
5302,MT_SUMMON_ABR_BATTLE_WARIOR,ABR-決戰勇士,,,,,,,,0,0,,,,,,,,,,,,,,,
5303,MT_SUMMON_ABR_DUAL_CANNON,ABR-雙子加農砲,,,,,,,,0,0,,,,,,,,,,,,,,,
5304,MT_SUMMON_ABR_MOTHER_NET,ABR-天網聖母,,,,,,,,0,0,,,,,,,,,,,,,,,
5305,MT_SUMMON_ABR_INFINITY,ABR-無限戰火,,,,,,,,0,0,,,,,,,,,,,,,,,
5311,ABC_DAGGER_AND_BOW_M,短劍&弓弩精熟,,,,,,,,0,0,,,,,,,,,,,,,,,
5312,ABC_MAGIC_SWORD_M,魔劍精熟,,,,,,,,0,0,,,,,,,,,,,,,,,
5313,ABC_STRIP_SHADOW,卸除影子,,,,,,,,0,0,,,,,,,,,,,,,,,
5314,ABC_ABYSS_DAGGER,深淵匕首,physical,,,,,5,(350+1400*Sklv+total_POW*5)*BaseLv/100,0,2,,,,,,,,,,,,,,,
5315,ABC_UNLUCKY_RUSH,不幸衝擊,physical,0,,,,5,(100+300*Sklv+total_POW*5+(2500*Sklv*(GUSklv(5315))))*BaseLv/100,0,1,0,,,,,,,,,,,,,,
5316,ABC_CHAIN_REACTION_SHOT,連鎖射擊,physical,1,,,,5,(850*Sklv+total_CON*15)*BaseLv/100,0,1,,(800+2550*Sklv+total_CON*15)*BaseLv/100,0,1,,5316,,(800+3250*Sklv+ total_CON*15)*BaseLv/100,,,,,,,
5317,ABC_FROM_THE_ABYSS,萬丈深淵,magic,,,,,5,(150+650*Sklv+total_SPL*5)*BaseLv/100,0,5,,,,,,,,,,,,,,,
5318,ABC_ABYSS_SLAYER,深淵殺手,,,,,,,,0,0,,,,,,,,,,,,,,,
5319,ABC_ABYSS_STRIKE,終結深淵攻擊,magic,,,,,5,(Sklv*2650+total_SPL*10)*BaseLv/100,3,1,,,,,"8,6",,(Sklv*2650+total_SPL*10)*BaseLv/100,,,,,,,,
5320,ABC_DEFT_STAB,靈巧刺擊,physical,0,,,,10,(700+550*Sklv+total_POW*7)*BaseLv/100,0,5,,,,,,,,,,,0,0,,,
5321,ABC_ABYSS_SQUARE,深淵墳場,magic,0,,,,5,((750+GSklv(5312)*40)*Sklv+total_SPL*5)*BaseLv/100,0,10+(GUSklv(5321)*10),,,,0,,,,,,,0,0,,,
5322,ABC_FRENZY_SHOT,狂暴射擊,physical,1,,,,10,(250+800*Sklv+total_CON*15)*BaseLv/100,0,3,0.5,,,,,,,,,,,,,,
5323,WH_ADVANCED_TRAP,高階陷阱,,,,,,,,0,0,,,,,,,,,,,,,,,
5324,WH_WIND_SIGN,八風標記,,,,,,,,0,0,,,,,,,,,,,,,,,
5325,WH_NATUREFRIENDLY,熱愛自然,,,,,,,,0,0,,,,,,,,,,,,,,,
5326,WH_HAWKRUSH,獵鷹奇襲,physical,1,,,,5,(500*Sklv+(5*total_CON))*BaseLv/100*(1+0.1*GSklv(5325)),0,-2,0.25,,,,,,,,,,,,,,
5327,WH_HAWK_M,獵鷹精熟,,,,,,,,0,0,,,,,,,,,,,,,,,
5328,WH_CALAMITYGALE,憤怒暴風,,,,,,,,0,0,,,,,,,,,,,,,,,
5329,WH_HAWKBOOMERANG,獵鷹狙擊,physical,1,,,,5,(600*Sklv+(10*total_CON))*BaseLv/100*(1+0.1*GSklv(5325)),0,1,0.5,,,,,,,,,,,,,,
5330,WH_GALESTORM,毀滅風暴,physical,1,,,,10,(1350*Sklv+total_CON*10)*BaseLv/100,0,-5,0,,,,,5328,,,0.5,,,,,,
5331,WH_DEEPBLINDTRAP,深盲陷阱,,,,,,,,0,0,,,,,,,,,,,,,,,
5332,WH_SOLIDTRAP,磐石陷阱,,,,,,,,0,0,,,,,,,,,,,,,,,
5333,WH_SWIFTTRAP,急速陷阱,,,,,,,,0,0,,,,,,,,,,,,,,,
5334,WH_CRESCIVE_BOLT,漸進狙擊,physical,1,,,,10,(500+1300*Sklv+total_CON*10)*(BaseLv/100),5,4,0.5,,,,,,,,,,,,4,*1,0.2
5335,WH_FLAMETRAP,火焰陷阱,,,,,,,,0,0,,,,,,,,,,,,,,,
5336,BO_BIONIC_PHARMACY,仿生配藥,,,,,,,,0,0,,,,,,,,,,,,,,,
5337,BO_BIONICS_M,仿生精熟,,,,,,,,0,0,,,,,,,,,,,,,,,
5338,BO_THE_WHOLE_PROTECTION,全面化學保護,,,,,,,,0,0,,,,,,,,,,,,,,,
5339,BO_ADVANCE_PROTECTION,全影化學保護,,,,,,,,0,0,,,,,,,,,,,,,,,
5340,BO_ACIDIFIED_ZONE_WATER,強酸禁地(水),physical,1,,,,5,(Sklv*(400+(GUSklv(5347)*200))+total_POW*(6+(GUSklv(5347)*3)))*BaseLv/100,1,7,,,,,"3,0",,(Sklv*(400+(GUSklv(5347)*200))+total_POW*(10.5+(GUSklv(5347)*3)))*BaseLv/100,,,,,,,,
5341,BO_ACIDIFIED_ZONE_GROUND,強酸禁地(地),physical,1,,,,5,(Sklv*(400+(GUSklv(5347)*200))+total_POW*(6+(GUSklv(5347)*3)))*BaseLv/100,2,7,,,,,"3,0",,(Sklv*(400+(GUSklv(5347)*200))+total_POW*(10.5+(GUSklv(5347)*3)))*BaseLv/100,,,,,,,,
5342,BO_ACIDIFIED_ZONE_WIND,強酸禁地(風),physical,1,,,,5,(Sklv*(400+(GUSklv(5347)*200))+total_POW*(6+(GUSklv(5347)*3)))*BaseLv/100,4,7,,,,,"3,0",,(Sklv*(400+(GUSklv(5347)*200))+total_POW*(10.5+(GUSklv(5347)*3)))*BaseLv/100,,,,,,,,
5343,BO_ACIDIFIED_ZONE_FIRE,強酸禁地(火),physical,1,,,,5,(Sklv*(400+(GUSklv(5347)*200))+total_POW*(6+(GUSklv(5347)*3)))*BaseLv/100,3,7,,,,,"0,3",,(Sklv*(400+(GUSklv(5347)*200))+total_POW*(10.5+(GUSklv(5347)*3)))*BaseLv/100,,,,,,,,
5344,BO_WOODENWARRIOR,召喚神木戰士,,,,,,,,0,0,,,,,,,,,,,,,,,
5345,BO_WOODEN_FAIRY,召喚神木妖精,,,,,,,,0,0,,,,,,,,,,,,,,,
5346,BO_CREEPER,召喚爬行者,,,,,,,,0,0,,,,,,,,,,,,,,,
5347,BO_RESEARCHREPORT,研究報告,,,,,,,,0,0,,,,,,,,,,,,,,,
5348,BO_HELLTREE,召喚地獄樹,,,,,,,,0,0,,,,,,,,,,,,,,,
5349,TR_STAGE_MANNER,舞台禮儀,,,,,,,,0,0,,,,,,,,,,,,,,,
5350,TR_RETROSPECTION,美聲回顧,,,,,,,,0,0,,,,,,,,,,,,,,,
5351,TR_MYSTIC_SYMPHONY,神秘交響曲,,,,,,,,0,0,,,,,,,,,,,,,,,
5352,TR_KVASIR_SONATA,克瓦希爾奏鳴曲,,,,,,,,0,0,,,,,,,,,,,,,,,
5353,TR_ROSEBLOSSOM,玫瑰箭矢,physical,1,,,,5,(200+Sklv*2000+total_CON*3*5)*BaseLv/100,0,-2,,(250+Sklv*2800+total_CON*3*5)*BaseLv/100,0,1,,,,,,,0,0,,,
5354,TR_ROSEBLOSSOM_ATK,玫瑰箭矢_ATK,,,,,,,,0,0,,,,,,,,,,,,,,,
5355,TR_RHYTHMSHOOTING,節奏射擊,physical,1,,,,5,(550+Sklv*950+total_CON*5*5)*BaseLv/100,0,3,,,,,,5357,(850+Sklv*1050+total_CON*7*5)*BaseLv/100,,,,,,,,
5356,TR_METALIC_FURY,金屬狂怒,magic,0,,,,5,(Sklv*3850+total_SPL*1.5*GSklv(5357))*BaseLv/100,0,1,,,,,,5357,(Sklv*4650+total_SPL*2*GSklv(5357))*BaseLv/100,,,,,,,,
5357,TR_SOUNDBLEND,混聲烙印,,,,,,,,0,0,,,,,,,,,,,,,,,
5358,TR_GEF_NOCTURN,葛帔尼亞夜曲,,,,,,,,0,0,,,,,,,,,,,,,,,
5359,TR_ROKI_CAPRICCIO,洛基奏鳴曲,,,,,,,,0,0,,,,,,,,,,,,,,,
5360,TR_AIN_RHAPSODY,礦工狂想曲,,,,,,,,0,0,,,,,,,,,,,,,,,
5361,TR_MUSICAL_INTERLUDE,音樂劇插曲,,,,,,,,0,0,,,,,,,,,,,,,,,
5362,TR_JAWAII_SERENADE,暮色小夜曲,,,,,,,,0,0,,,,,,,,,,,,,,,
5363,TR_NIPELHEIM_REQUIEM,亡靈鎮魂歌,,,,,,,,0,0,,,,,,,,,,,,,,,
5364,TR_PRON_MARCH,普隆德拉進行曲,,,,,,,,0,0,,,,,,,,,,,,,,,
5365,EM_MAGIC_BOOK_M,魔法書精熟,,,,,,,,0,0,,,,,,,,,,,,,,,
5366,EM_SPELL_ENCHANTING,咒力賦予,,,,,,,,0,0,,,,,,,,,,,,,,,
5367,EM_ACTIVITY_BURN,能量燃燼,,,,,,,,0,0,,,,,,,,,,,,,,,
5368,EM_INCREASING_ACTIVITY,能量轉換,,,,,,,,0,0,,,,,,,,,,,,,,,
5369,EM_DIAMOND_STORM,鑽石風暴,magic,0,,,,5,(500+Sklv*2400+total_SPL*5)*BaseLv/100,1,-5,,,,,,,,,,,,,,,
5370,EM_LIGHTNING_LAND,雷霆陣地,magic,0,,,,5,(700+Sklv*1100+total_SPL*5)*BaseLv/100,4,10,,,,,,,,,,,,,,,
5371,EM_VENOM_SWAMP,毒液沼澤,magic,0,,,,5,(700+Sklv*1100+total_SPL*5)*BaseLv/100,5,10,,,,,,,,,,,,,,,
5372,EM_CONFLAGRATION,灼熱岩漿,magic,0,,,,5,(700+Sklv*1100+total_SPL*5)*BaseLv/100,3,10,,,,,,,,,,,,,,,
5373,EM_TERRA_DRIVE,大地驅動,magic,,,,,5,(500+Sklv*2400+total_SPL*5)*BaseLv/100,2,-5,,,,,,,,,,,,,,,
5374,EM_ELEMENTAL_SPIRIT_M,元素鬥志精熟,,,,,,,,0,0,,,,,,,,,,,,,,,
5375,EM_SUMMON_ELEMENTAL_ARDOR,召喚元素:阿爾多雷,,,,,,,,0,0,,,,,,,,,,,,,,,
5376,EM_SUMMON_ELEMENTAL_DILUVIO,召喚元素:迪盧比奧,,,,,,,,0,0,,,,,,,,,,,,,,,
5377,EM_SUMMON_ELEMENTAL_PROCELLA,召喚元素:普羅賽拉,,,,,,,,0,0,,,,,,,,,,,,,,,
5378,EM_SUMMON_ELEMENTAL_TERREMOTUS,召喚元素:泰雷莫圖斯,,,,,,,,0,0,,,,,,,,,,,,,,,
5379,EM_SUMMON_ELEMENTAL_SERPENS,召喚元素:塞爾彭斯,,,,,,,,0,0,,,,,,,,,,,,,,,
5380,EM_ELEMENTAL_BUSTER,元素破壞,magic,0,,,,10,(550+Sklv*2650+total_SPL*10)*BaseLv/100,0,-3,,,,,"0,9",,(550+Sklv*2800+total_SPL*10)*BaseLv/100,,,,,,,,
5381,EM_ELEMENTAL_VEIL,元素天幕,,,,,,,,,,,,,,,,,,,,,,,,
5382,ABC_CHAIN_REACTION_SHOT_ATK,連鎖射擊,,,,,,,,0,0,,,,,,,,,,,,,,,
5383,ABC_FROM_THE_ABYSS_ATK,萬丈深淵,,,,,,,,0,0,,,,,,,,,,,,,,,
5389,EM_ELEMENTAL_BUSTER_FIRE,元素破壞(火),magic,0,,,,10,(550+Sklv*2650+total_SPL*10)*BaseLv/100,3,-3,,,,,"0,9",,(550+Sklv*2800+total_SPL*10)*BaseLv/100,,,,,,,,
5390,EM_ELEMENTAL_BUSTER_WATER,元素破壞(水),magic,0,,,,10,(550+Sklv*2650+total_SPL*10)*BaseLv/100,1,-3,,,,,"0,9",,(550+Sklv*2800+total_SPL*10)*BaseLv/100,,,,,,,,
5391,EM_ELEMENTAL_BUSTER_WIND,元素破壞(風),magic,0,,,,10,(550+Sklv*2650+total_SPL*10)*BaseLv/100,4,-3,,,,,"0,9",,(550+Sklv*2800+total_SPL*10)*BaseLv/100,,,,,,,,
5392,EM_ELEMENTAL_BUSTER_GROUND,元素破壞(地),magic,0,,,,10,(550+Sklv*2650+total_SPL*10)*BaseLv/100,2,-3,,,,,"0,9",,(550+Sklv*2800+total_SPL*10)*BaseLv/100,,,,,,,,
5393,EM_ELEMENTAL_BUSTER_POISON,元素破壞(毒),magic,0,,,,10,(550+Sklv*2650+total_SPL*10)*BaseLv/100,5,-3,,,,,"0,9",,(550+Sklv*2800+total_SPL*10)*BaseLv/100,,,,,,,,
5401,NW_P_F_I,P.F.I,,,,,,,,0,0,,,,,,,,,,,,,,,
5402,NW_GRENADE_MASTERY,榴彈精通,,,,,,,,0,0,,,,,,,,,,,,,,,
5403,NW_INTENSIVE_AIM,專注瞄準,,,,,,,,0,0,,,,,,,,,,,,,,,
5404,NW_GRENADE_FRAGMENT,榴彈碎片,,,,,,,,0,0,,,,,,,,,,,,,,,
5405,NW_THE_VIGILANTE_AT_NIGHT,夜裡的警惕,physical,1,,0,,5,WPon(19)((300+100*10)*Sklv+total_CON*2)*BaseLv/100:0+WPon(20)((800+200*10)*Sklv+total_CON*3)*BaseLv/100:0,0,WPon(19)7:4,,,,,,,,,,,1,0,,,
5406,NW_ONLY_ONE_BULLET,獨一槍彈,physical,1,,0,,5,"WPon(18)(1200+(3000+350*10)*Sklv+total_CON*3)*BaseLv/100:0+WPon(17)(1200+(3400+350*10)*Sklv+total_CON*3)*BaseLv/100:0
",0,1,WPon(18)0.5:0,,,,,,,,,,1,0,,,
5407,NW_SPIRAL_SHOOTING,螺旋射擊,physical,1,,0,,5,WPon(18)(1400+(2800+150*10)*Sklv+total_CON*3)*BaseLv/100:0+WPon(21)(1200+(1700+150*10)*Sklv+total_CON*3)*BaseLv/100:0,0,WPon(21)2:1,WPon(18)0.5:0,,,,,,,,,,0,0,,,
5408,NW_MAGAZINE_FOR_ONE,梅格競直擊,physical,1,,0,,5,WPon(19)(250+(500+100*10)*Sklv+total_CON*2)*BaseLv/100:0+WPon(17)(300+(800+100*10)*Sklv+total_CON*2)*BaseLv/100:0,0,WPon(19)10:6,WPon(17)0.5:0,,,,,,,,,,0,0,,,
5409,NW_WILD_FIRE,曠野之火,physical,1,,0,,5,WPon(20)(1500+(3200+500*10)*Sklv+total_CON*3)*BaseLv/100:0+WPon(21)(1500+(3000+500*10)*Sklv+total_CON*3)*BaseLv/100:0,0,-3,,,,,,,,,,,0,0,,,
5410,NW_BASIC_GRENADE,初階手榴彈,physical,1,,0,,5,(1500+2100*Sklv+GSklv(5402)*50+total_CON*5)*BaseLv/100,0,-2,,,,,,,,,,,0,0,,,
5411,NW_HASTY_FIRE_IN_THE_HOLE,洞中急火,physical,1,,0,,5,(1500+1500*Sklv+GSklv(5402)*20+total_CON*3)*BaseLv/100,0,3,,,,,,,,,,,0,0,,,
5412,NW_GRENADES_DROPPING,落空手榴彈,physical,1,,0,,5,(550+850*Sklv+GSklv(5402)*20+total_CON*3)*BaseLv/100,0,3,,,,,,,,,,,0,0,,,
5413,NW_AUTO_FIRING_LAUNCHER,自動射擊發射器,,,,,,,,0,0,,,,,,,,,,,,,,,
5414,NW_HIDDEN_CARD,王牌出手,,,,,,,,0,0,,,,,,,,,,,,,,,
5415,NW_MISSION_BOMBARD,任務轟炸機,physical,1,,0,,10,(5000+1800*Sklv+GSklv(5402)*100+total_CON*5)*BaseLv/100,0,3,,(800+200*Sklv+GSklv(5402)*30+total_CON*5)*BaseLv/100,0,3,,,,,,,0,0,,,
5416,SOA_TALISMAN_MASTERY,符咒研究,,,,,,,,0,0,,,,,,,,,,,,,,,
5417,SOA_SOUL_MASTERY,引魂術研究,,,,,,,,0,0,,,,,,,,,,,,,,,
5418,SOA_TALISMAN_OF_PROTECTION,護身符,,,,,,,,0,0,,,,,,,,,,,,,,,
5419,SOA_TALISMAN_OF_WARRIOR,武士符,,,,,,,,0,0,,,,,,,,,,,,,,,
5420,SOA_TALISMAN_OF_MAGICIAN,法師符,,,,,,,,0,0,,,,,,,,,,,,,,,
5421,SOA_SOUL_GATHERING,靈魂聚集,,,,,,,,0,0,,,,,,,,,,,,,,,
5422,SOA_TOTEM_OF_TUTELARY,城隍廟,,,,,,,,0,0,,,,,,,,,,,,,,,
5423,SOA_TALISMAN_OF_FIVE_ELEMENTS,五行符,,,,,,,,0,0,,,,,,,,,,,,,,,
5424,SOA_TALISMAN_OF_SOUL_STEALING,竊魂平安符,,,,,,,,0,0,,,,,,,,,,,,,,,
5425,SOA_EXORCISM_OF_MALICIOUS_SOUL,死靈淨化,magic,,,,,5,(150*Sklv+2*GSklv(5416)+total_SPL)*BaseLv/100*20,0,-5,,,,,,,,,,,,,,,
5426,SOA_TALISMAN_OF_BLUE_DRAGON,青龍符,magic,,,,,5,(850+(2250+15*GSklv(5416))*Sklv+total_SPL*5)*BaseLv/100,0,1,,,,,,5431,(950+(2950+15*GSklv(5416))*Sklv+total_SPL*5)*BaseLv/100,,,,,,,,
5427,SOA_TALISMAN_OF_WHITE_TIGER,白虎符,magic,,,,,5,(400+(1000+15*GSklv(5416))*Sklv+total_SPL*5)*BaseLv/100,0,-2,,,,,,5431,(400+(1400+15*GSklv(5416))*Sklv+total_SPL*5)*BaseLv/100,,,,,,,,
5428,SOA_TALISMAN_OF_RED_PHOENIX,朱雀符,magic,0,,,,5,(1400+(1450+15*GSklv(5416))*Sklv+total_SPL*5)*BaseLv/100,0,-3,,,2,,,5431,(1600+(1850+15*GSklv(5416))*Sklv+total_SPL*5)*BaseLv/100,,,,,,,,
5429,SOA_TALISMAN_OF_BLACK_TORTOISE,玄武符,magic,,,,,5,(2150+(1600+15*GSklv(5416))*Sklv+total_SPL*5)*BaseLv/100,0,-3,,,,,,5431,(2300+(2100+15*GSklv(5416))*Sklv+total_SPL*5)*BaseLv/100,,,,,,,,
5430,SOA_TALISMAN_OF_FOUR_BEARING_GOD,四方神符,magic,,,,,5,(50+(250+15*GSklv(5416))*Sklv+total_SPL*5)*BaseLv/100,0,7,,,,,,,,,,,,,,,
5431,SOA_CIRCLE_OF_DIRECTIONS_AND_ELEMENTALS,四方五行陣,magic,0,,0,,5,(500+(2000+15*(GSklv(5416)+GSklv(5417)))*Sklv+total_SPL*10)*BaseLv/100,0,5,,,,,,,,,,,0,0,,,
5432,SOA_SOUL_OF_HEAVEN_AND_EARTH,天地神靈,,,,,,,,0,0,,,,,,,,,,,,,,,
5433,SH_MYSTICAL_CREATURE_MASTERY,靈物互動,,,,,,,,0,0,,,,,,,,,,,,,,,
5434,SH_COMMUNE_WITH_CHUL_HO,靈物交流: 鐵虎,,,,,,,,0,0,,,,,,,,,,,,,,,
5435,SH_CHUL_HO_SONIC_CLAW,鐵虎空心爪,physical,,,,,5,(1100+2200*Sklv+50*GSklv(5433)+total_POW*5)*BaseLv/100,0,-2,,,,,,5434,(1100+2600*Sklv+100*GSklv(5433)+total_POW*5)*BaseLv/100,,,,,,,,
5436,SH_HOWLING_OF_CHUL_HO,鐵虎咆哮,physical,,,,,7,(600+1050*Sklv+50*GSklv(5433)+total_POW*5)*BaseLv/100,0,1,,,,,,5434,(700+1150*Sklv+100*GSklv(5433)+total_POW*5)*BaseLv/100,,,,,,,,
5437,SH_HOGOGONG_STRIKE,虎高空亂打,physical,,,,,7,(180+200*Sklv+10*GSklv(5433)+total_POW*5)*BaseLv/100,0,3,,,,,,5434,(250+350*Sklv+20*GSklv(5433)+total_POW*5)*BaseLv/100,,,,,,,,
5438,SH_COMMUNE_WITH_KI_SUL,靈物交流: 神龜,,,,,,,,0,0,,,,,,,,,,,,,,,
5439,SH_KI_SUL_WATER_SPRAYING,神龜灑水砲,,,,,,,,0,0,,,,,,,,,,,,,,,
5440,SH_MARINE_FESTIVAL_OF_KI_SUL,神龜海洋慶典,,,,,,,,0,0,,,,,,,,,,,,,,,
5441,SH_SANDY_FESTIVAL_OF_KI_SUL,神龜沙雕節,,,,,,,,0,0,,,,,,,,,,,,,,,
5442,SH_KI_SUL_RAMPAGE,神龜劇烈震盪,,,,,,,,0,0,,,,,,,,,,,,,,,
5443,SH_COMMUNE_WITH_HYUN_ROK,靈物交流: 玄鹿,magic,,,,,,,0,,,,,,,,,,,,,,,,
5444,SH_COLORS_OF_HYUN_ROK,玄鹿五色角,,,,,,,,0,0,,,,,,,,,,,,,,,
5445,SH_HYUN_ROKS_BREEZE,玄鹿葉風,magic,,,,,7,(650+750*Sklv+20*GSklv(5433)+total_SPL*5)*BaseLv/100,0,16,,,,,,5443,(750+950*Sklv+40*GSklv(5433)+total_SPL*5)*BaseLv/100,,,,,,,,
5446,SH_HYUN_ROK_CANNON,玄鹿砲,magic,,,,,7,(1100+2050*Sklv+50*GSklv(5433)+total_SPL*5)*BaseLv/100,0,1,,,,,,5443,(1100+2450*Sklv+75*GSklv(5433)+total_SPL*5)*BaseLv/100,,,,,,,,
5447,SH_TEMPORARY_COMMUNION,急速交流,,,,,,,,0,0,,,,,,,,,,,,,,,
5448,SH_BLESSING_OF_MYSTICAL_CREATURES,靈物祝福,,,,,,,,0,0,,,,,,,,,,,,,,,
5449,HN_SELFSTUDY_TATICS,自學策略,,,,,,,,0,0,,,,,,,,,,,,,,,
5450,HN_SELFSTUDY_SOCERY,自學魔法,,,,,,,,0,0,,,,,,,,,,,,,,,
5451,HN_DOUBLEBOWLINGBASH,雙重怪物互擊,physical,0,,0,,10,(250+(400+3*10)*Sklv+total_POW*2)*BaseLv/100,0,3,,,,,,5461,(250+(400+3*10)*Sklv+total_POW*2)*BaseLv/100*2.2,,,,0,0,,,
5452,HN_MEGA_SONIC_BLOW,巨型音速投擲,physical,,,,,10,(900+(750+5*10)*Sklv+total_POW*4)*BaseLv/100,0,-8,,,,,,5461,(900+(750+5*10)*Sklv+total_POW*4)*BaseLv/100*2,,,,,,,,
5453,HN_SHIELD_CHAIN_RUSH,連續盾擊衝撞,physical,,,,,10,(850+(1050+3*10)*Sklv+total_POW*3)*BaseLv/100,0,-5,,,,,,5461,(850+(1050+3*10)*Sklv+total_POW*3)*BaseLv/100*2.2,,,,,,,,
5454,HN_SPIRAL_PIERCE_MAX,螺旋擊刺Max,physical,,,,,10,(1000+(1500+3*10)*Sklv*1.3+total_POW*3)*BaseLv/100,0,-5,,,,,,5461,(1000+(1500+3*10)*Sklv*1.3+total_POW*3)*BaseLv/100*2,,,,,,,,
5455,HN_METEOR_STORM_BUSTER,隕石術猛擊,magic,0,,0,,10,(300+(320+5*GSklv(5450))*Sklv+total_SPL*3)*BaseLv/100*(1+GSklv(5450)/100),3,-3,,(450+(160+5*GSklv(5450))*Sklv+total_SPL*3)*BaseLv/100,3,1,,5462,(300+(320+5*GSklv(5450))*Sklv+total_SPL*3)*BaseLv/100*(1+GSklv(5450)/100)*1.5,(450+(160+5*GSklv(5450))*Sklv+total_SPL*3)*BaseLv/100*1.5,,,0,0,,,
5456,HN_JUPITEL_THUNDER_STORM,雷鳴術風暴,magic,0,,0,,10,(((1800+3*GSklv(5450))*Sklv+total_SPL*3)*BaseLv/100)*(1+GSklv(5450)/100),4,-10,,,,,,5462,((1800+3*GSklv(5450))*Sklv+total_SPL*3)*BaseLv/100*(1+GSklv(5450)/100)*1.7,,,,0,0,,,
5457,HN_JACK_FROST_NOVA,新霜凍術,magic,0,,0,,10,(200+3*GSklv(5450)*Sklv+total_SPL*14)*BaseLv/100,1,1,,(400+(500+3*GSklv(5450))*Sklv+total_SPL*4)*BaseLv/100*(1+GSklv(5450)/100),1,10,,5462,(200+3*GSklv(5450)*Sklv+total_SPL*14)*BaseLv/100*1.7,(400+(500+3*GSklv(5450))*Sklv+total_SPL*4)*BaseLv/100*(1+GSklv(5450)/100)*1.7,,,0,0,,,
5458,HN_HELLS_DRIVE,地獄毀滅,magic,0,,0,,10,(1500+(700+4*GSklv(5450))*Sklv+total_SPL*3)*BaseLv/100*(1+GSklv(5450)/100),2,1,,,,,,5462,(1500+(700+4*GSklv(5450))*Sklv+total_SPL*3)*BaseLv/100*(1+GSklv(5450)/100)*(1+GSklv(5450)/100)*1.7,,,,0,0,,,
5459,HN_GROUND_GRAVITATION,地面重力,magic,0,,0,,10,(3000+(1500+4*GSklv(5450))*Sklv+total_SPL*10)*BaseLv/100,0,-2,,(800+(700+4*GSklv(5450))*Sklv+total_SPL*2)*BaseLv/100*(1+GSklv(5450)/100),0,10,,5462,(3000+(1500+4*GSklv(5450))*Sklv+total_SPL*10)*BaseLv/100*1.5,(800+(700+4*GSklv(5450))*Sklv+total_SPL*2)*BaseLv/100*(1+GSklv(5450)/100)*1.5,,,0,0,,,
5460,HN_NAPALM_VULCAN_STRIKE,念力連擊攻擊,magic,0,,0,,10,(350+(650+4*GSklv(5450))*Sklv+total_SPL*3)*BaseLv/100*(1+(GSklv(5450)*2)/100),8,-7,,,,,,5462,(350+(650+4*GSklv(5450))*Sklv+total_SPL*3)*BaseLv/100*(1+(GSklv(5450)*2)/100)*1.4,,,,0,0,,,
5461,HN_BREAKINGLIMIT,突破極限,,,,,,,,0,0,,,,,,,,,,,,,,,
5462,HN_RULEBREAK,突破規矩,,,,,,,,0,0,,,,,,,,,,,,,,,
5463,SKE_SKY_MASTERY,天機修練,,,,,,,,0,0,,,,,,,,,,,,,,,
5464,SKE_WAR_BOOK_MASTERY,兵法修練,,,,,,,,0,0,,,,,,,,,,,,,,,
5465,SKE_RISING_SUN,天地一陽,,,,,,,,0,0,,,,,,,,,,,,,,,
5466,SKE_NOON_BLAST,天晨一陽,physical,0,,0,,5,(1600+(1250+5*GSklv(5463))*Sklv+total_POW*5)*BaseLv/100,0,-2,,,,,,5465,(1600+(1250+5*GSklv(5463))*Sklv+total_POW*5)*BaseLv/100,,0.5,,0,0,,,
5467,SKE_SUNSET_BLAST,天陽,,,,,,,,0,0,,,,,,,,,,,,,,,
5468,SKE_RISING_MOON,天地一月,physical,0,,,,,,0,0,,,,,,,,,,,0,0,,,
5469,SKE_MIDNIGHT_KICK,天晨一月,physical,0,,0,,5,(800+(1500+5*GSklv(5463))*Sklv+total_POW*5)*BaseLv/100,0,-2,,,,,,5468,(1750+(1750+5*GSklv(5463))*Sklv+total_POW*5)*BaseLv/100,,,,0,0,,,
5470,SKE_DAWN_BREAK,天月,,,,,,,,0,0,,,,,,,,,,,,,,,
5471,SKE_TWINKLING_GALAXY,天地萬星,,,,,,,,0,0,,,,,,,,,,,,,,,
5472,SKE_STAR_BURST,天命落星,,,,,,,,0,0,,,,,,,,,,,,,,,
5473,SKE_STAR_CANNON,天星,,,,,,,,0,0,,,,,,,,,,,,,,,
5474,SKE_ALL_IN_THE_SKY,天羅萬象,physical,0,,,,10,(250+1200*Sklv+total_POW*10)*BaseLv/100,0,1,0.5,,,,"7,6",,(250+1200*Sklv+total_POW*10)*BaseLv/100*3,,,,0,0,,,
5475,SKE_ENCHANTING_SKY,天氣地神,,,,,,,,0,0,,,,,,,,,,,,,,,
5476,SS_TOKEDASU,致命融化,,,,,,,,0,0,,,,,,,,,,,,,,,
5477,SS_SHIMIRU,滲透,,,,,,,,0,0,,,,,,,,,,,,,,,
5478,SS_AKUMUKESU,消除惡夢,,,,,,,,0,0,,,,,,,,,,,,,,,
5479,SS_SHINKIROU,海市蜃樓,,,,,,,,0,0,,,,,,,,,,,,,,,
5480,SS_KAGEGARI,詭影狩獵,physical,0,,,,10,(600+(900+5*GSklv(5482))*Sklv+total_POW*3)*BaseLv/100,0,1,,,,,,,,,,,,,,,
5481,SS_KAGENOMAI,詭影舞動,physical,0,,,,10,(750+(900+70*GSklv(5480))*Sklv+total_POW*4)*BaseLv/100,0,-5,,,,,,,,,,,,,,,
5482,SS_KAGEGISSEN,詭影閃光,physical,0,,,,10,(1500+(950+150*GSklv(5481))*Sklv+total_POW*5)*BaseLv/100,0,-4,0.5,,,,,,,,,,,,,,
5483,SS_FUUMASHOUAKU,風魔飛鏢–掌握,physical,1,,,,10,(850+(350+5*GSklv(5484))*Sklv+total_POW*3)*BaseLv/100,0,20,,,,,,,,,,,,,,,
5484,SS_FUUMAKOUCHIKU,風魔飛鏢–構築,physical,1,,,,10,(900+(1750+100*GSklv(5483))*Sklv+total_POW*5)*BaseLv/100,0,-4,,GUSklv(5484)*(900+(1750+100*GSklv(5483))*Sklv+total_POW*5)*BaseLv/100,0,-5,,,,,,,,,,,
5485,SS_KUNAIWAIKYOKU,飛刀–扭曲,physical,1,,,,10,(300+(600+GSklv(5487)*10)*BaseLv+total_POW*3)*BaseLv/100,0,-2,,,,,,,,,,,,,,,
5486,SS_KUNAIKAITEN,飛刀 - 旋轉,physical,1,,,,5,(950+(1050+500*GSklv(5487))*Sklv+total_POW*4)*BaseLv/100,0,4,,,,,,,,,,,,,,,
5487,SS_KUNAIKUSSETSU,飛刀 - 曲折,physical,1,,,,10,(250+(420+10*GSklv(5486))*Sklv+total_POW*5)*BaseLv/100,0,8,,,,,,,,,,,,,,,
5488,SS_SEKIENHOU,火焰砲,magic,0,,,,10,(600+(1100+70*GSklv(5492))*Sklv+total_SPL*5)*BaseLv/100+(GUSklv(5499)*8500),3,-3,,,,,,,,,,,,,,,
5489,SS_REIKETSUHOU,冷焰砲,magic,0,,,,10,(350+(850+40*GSklv(5492))*Sklv+total_SPL*5)*BaseLv/100+(GUSklv(5499)*7000),1,-6,,,,,,,,,,,,,,,
5490,SS_RAIDENPOU,雷電砲,magic,0,,,,10,(500+(950+40*GSklv(5492))*Sklv+total_SPL*5)*BaseLv/100+(GUSklv(5499)*8500),4,-5,,,,,,,,,,,,,,,
5491,SS_KINRYUUHOU,金龍砲,magic,0,,,,10,(450+(950+15*GSklv(5492))*Sklv+total_SPL*5)*BaseLv/100+(GUSklv(5499)*5500),2,-2,,,,,,,,,,,,,,,
5492,SS_ANTENPOU,暗戰砲,magic,,,,,10,(450+950*Sklv+total_SPL*5)*BaseLv/100,7,-2,,,,,,,,,,,,,,,
5493,SS_KAGEAKUMU,詭影 - 噩夢,physical,0,,,,1,(18000*Sklv+total_POW*10)*(1+GUSklv(5494)*0.5)*BaseLv/100,0,1,,,,,,,,,,,,,,,
5494,SS_HITOUAKUMU,飛刀 - 噩夢,physical,1,,,,1,(18000+total_POW*10)*(1+GUSklv(5494)*0.5)*BaseLv/100,0,-8,,,,,,,,,,,,,,,
5495,SS_ANKOKURYUUAKUMU,暗黑龍 - 噩夢,magic,0,,,,1,(15500+total_SPL*10)*BaseLv/100,7,-2,,(GUSklv(5495)*(15500+total_SPL*10)*BaseLv/100),3,-2,,,,,,,,,,,
5496,NW_THE_VIGILANTE_AT_NIGHT_GUN_GATLING,夜裡的警惕,,,,,,,,0,0,,,,,,,,,,,,,,,
5497,NW_THE_VIGILANTE_AT_NIGHT_GUN_SHOTGUN,夜裡的警惕,,,,,,,,0,0,,,,,,,,,,,,,,,
5498,SS_FUUMAKOUCHIKU_BLASTING,Huuma Shuriken - Construct Blasting,,,,,,,,,,,,,,,,,,,,,,,,
5499,SS_FOUR_CHARM,四色符,,,,,,,,,,,,,,,,,,,,,,,,
5500,NW_WILD_SHOT,狂野射擊,physical,1,,,,5,WPon(17)(870+180*Sklv+total_CON*3)*BaseLv/100:0+WPon(18)(870+180*Sklv+total_CON*5)*BaseLv/100:0,0,7,0.5,,,,,5414,WPon(17)(870+240*Sklv+total_CON*3)*BaseLv/100:0+WPon(18)(870+280*Sklv+total_CON*5)*BaseLv/100:0,,,,,,,,
5501,NW_MIDNIGHT_FALLEN,午夜殞落,physical,1,,0,,5,WPon(21)(2400+800*Sklv+total_CON*8)*BaseLv/100:0+WPon(20)(2400+800*Sklv+total_CON*10)*BaseLv/100:0+WPon(19)(2400+800*Sklv+total_CON*7)*BaseLv/100:0,0,3,,,,,,5414,WPon(21)(2400+1140*Sklv+total_CON*8)*BaseLv/100:0+WPon(20)(2400+1200*Sklv+total_CON*10)*BaseLv/100:0+WPon(19)(2400+1000*Sklv+total_CON*7)*BaseLv/100:0,,,,1,0,,,
5502,SKE_SKY_SUN,天氣神陽,physical,0,,0,,5,(1500+(GSklv(5463)*7*Sklv+total_POW*5))*BaseLv/100,0,-7,0.5,,,,,,,,,,0,0,,,
5503,SKE_SKY_MOON,天氣神月,physical,0,,0,,5,(1200+450*Sklv+(GSklv(5463)*9*Sklv+total_POW*7))*BaseLv/100,0,3,0.5,,,,,,,,,,0,0,,,
5504,SKE_STAR_LIGHT_KICK,天星地行,physical,0,,0,,5,(400+200*Sklv+(GSklv(5463)*5*Sklv+total_POW*3))*BaseLv/100,0,7,,,,,,,,,,,0,0,,,
5505,HN_OVERCOMING_CRISIS,征服危機,,,,,,,,,,,,,,,,,,,,,,,,
5506,SH_CHUL_HO_BATTERING,鐵虎亂舞,physical,1,,0,,7,(480+160*Sklv+GSklv(5433)*70+total_POW*7)*BaseLv/100,0,5,0.5,,,,,,,,,,0,0,,,
5507,SH_HYUN_ROK_SPIRIT_POWER,玄鹿靈力釋放,magic,0,,0,,7,(350+200*Sklv+GSklv(5433)*30+total_SPL*7)*BaseLv/100,0,7,,,,,,,,,,,0,0,,,
6001,DK_DRAGONIC_BREATH,天龍氣息,physical,1,,0,,10,(50+(350+0.0125*MHP+0.025*MSP)*Sklv+total_POW*7)*BaseLv/100,0,-2,-1,,,,,5210,(50+(350+0.0175*MHP+0.035*MSP)*Sklv+total_POW*10)*BaseLv/100,,,,1,0,,,
6002,MT_SPARK_BLASTER,閃光衝擊波,physical,1,,0,,10,(600+1400*Sklv+total_POW*7)*BaseLv/100,0,2,,,,,,,,,,,1,0,,,
6003,MT_TRIPLE_LASER,三連雷射,physical,1,,0,,5,(650+1150*Sklv+total_POW*12)*BaseLv/100,0,3,0.5,,,,,,,,,,0,0,,,
6004,MT_MIGHTY_SMASH,強力粉碎,physical,0,,0,,10,(80+240*Sklv+total_POW*7)*BaseLv/100,0,5,,,,,,5295,(100+240*Sklv+total_POW*10)*BaseLv/100,,,,0,0,,,
6005,BO_EXPLOSIVE_POWDER,爆炸炸藥,physical,0,,,,5,(500+650*Sklv+total_POW*7)*BaseLv/100,0,3+(GUSklv(5347)*2),,,,,,5347,(500+750*Sklv+total_POW*10)*BaseLv/100,,,,,,,,
6006,BO_MAYHEMIC_THORNS,混亂的荊棘,physical,1,,0,,10,(200+300*Sklv+total_POW*7)*BaseLv/100,0,3+(GUSklv(5347)*1),0.5,,,,,5347,(350+300*Sklv+total_POW*10)*BaseLv/100,,,,0,0,,,
6502,DK_DRAGONIC_PIERCE,神龍貫刺,physical,1,,0,,5,(850+600*Sklv+total_POW*7)*BaseLv/100,0,5,0.5,,,,,5210,(950+650*Sklv+total_POW*10)*BaseLv/100,,,,0,0,,,
6503,IG_RADIANT_SPEAR,光輝刺擊,physical,0,,,,10,((3500+1150*Sklv)+(GSklv(5259)*50)+total_POW*5)*BaseLv/100,0,(-2+(GUSklv(5263)*-1)),0.5,,,,,5263,((3500+1400*Sklv)+(GSklv(5259)*50)+total_POW*7)*BaseLv/100,,,,,,,,
6504,IG_IMPERIAL_CROSS,帝國十字斬,physical,0,,,,5,((1650+1350*Sklv)+(GSklv(5259)*25)+total_POW*5)*BaseLv/100,0,3,0,,,,,5263,((1750+1650*Sklv)+(GSklv(5259)*25)+total_POW*8)*BaseLv/100,,,,,,,,
6505,IG_IMPERIAL_PRESSURE,霸權震域,magic,0,,0,,5,(5600+1850*Sklv+GSklv(5259)*50+total_SPL*7)*BaseLv/100,0,-7,,,,,,,,,,,0,0,,,
6506,MT_RUSH_STRIKE,衝鋒斬擊,physical,0,,,,5,(3500*Sklv+total_POW*5)*BaseLv/100,0,-7,0,,,,,,,,,,,,,,
6507,MT_POWERFUL_SWING,爆發橫掃,physical,0,,,,5,(300+850*Sklv+total_POW*4)*BaseLv/100,0,5,0,,,,,5295,(400+950*Sklv+total_POW*7)*BaseLv/100,,,,,,,,
6508,MT_ENERGY_CANNONADE,能量轟炸,physical,1,,1,,5,(250+750*Sklv+total_POW)*BaseLv/100,0,7,,,,,,,,,,,1,0,,,
6509,BO_MYSTERY_POWDER,神秘粉末,physical,0,,,,5,(1500+4000*Sklv+total_POW*5)*BaseLv/100,0,-5,,,,,,,,,,,,,,,
6510,BO_DUST_EXPLOSION,星塵炸裂,physical,0,,,,5,(450+600*Sklv+total_POW*7)*BaseLv/100,0,5,,,,,,5347,(450+800*Sklv+total_POW*10)*BaseLv/100,,,,,,,,
6511,SHC_CROSS_SLASH,十字斬擊,physical,0,,,,5,(Sklv*300+total_POW*5)*BaseLv/100,0,3,0.5,,,,,5285,(Sklv*360+total_POW*7)*BaseLv/100,,,,,,,,
6512,ABC_HIT_AND_SLIDING,突擊滑行,physical,0,,,11,5,(3500*Sklv+total_POW*3)*BaseLv/100,0,-5,0,,,,,,,,,,,,,,
6513,ABC_CHASING_BREAK,追擊突斷,physical,0,,,,5,(1550+450*Sklv+total_POW*5)*BaseLv/100,0,5+(GUSklv(6513)*2),0,,,,,6513,(1750+500*Sklv+total_POW*7)*BaseLv/100,,,,,,,,
6514,ABC_CHASING_SHOT,追襲射擊,physical,1,,,,5,(1500+700*Sklv+total_CON*5)*BaseLv/100,0,2+(GUSklv(6514)*1),0.5,,,,,6514,(1750+700*Sklv+total_CON*10)*BaseLv/100,,,,,,,,
6515,ABC_ABYSS_FLAME,深淵之焰(目標),magic,0,,0,,5,((500+GSklv(5312)*15)*Sklv+total_SPL*5)*BaseLv/100,3,5,,((820+GSklv(5312)*30)*Sklv+total_SPL*7)*BaseLv/100,3,3,,,,,,,0,0,,,
6516,AG_ENERGY_CONVERSION,能量轉換,,,,,,,,,,,,,,,,,,,,,,,,
6517,EM_PSYCHIC_STREAM,心靈波流,magic,0,,0,,5,(1000+3500*Sklv+total_SPL*7)*BaseLv/100,0,-5,,,,,,,,,,,0,0,,,
6518,CD_DIVINUS_FLOS,神聖花雨,magic,0,,0,,5,(4000*Sklv+70*GSklv(5276)+total_SPL*10)*BaseLv/100,6,-5,,,,,,,,,,,0,0,,,
6519,IQ_BLAZING_FLAME_BLAST,烈焰爆彈,physical,1,,0,,5,(2000+3800*Sklv+total_POW*5)*BaseLv/100,0,-7,0.5,,,,,5243,(3500+4200*Sklv+total_POW*8)*BaseLv/100,,,,0,0,,,
6520,WH_WILD_WALK,狂野疾行,physical,1,,0,,5,(1800+2800*Sklv+total_CON*5+(GSklv(5325)+GSklv(128))*30)*BaseLv/100,0,3,0.5,,,,,,,,,,0,0,,,
6521,TR_RHYTHMICAL_WAVE,節奏戰波,magic,0,,,,5,(250+Sklv*3650+total_SPL*2*GSklv(5349))*BaseLv/100,0,-5,0,,,,,5351,(450+Sklv*4650+total_SPL*3.5*GSklv(5349))*BaseLv/100,,,,,,,,
6522,ABC_ABYSS_FLAME_ATK,深淵之焰(擴散),magic,0,,0,,,((820+GSklv(5312)*30)*Sklv+total_SPL*7)*BaseLv/100,3,3,,,,,,,,,,,0,0,,,
8001,HLIF_HEAL,治癒之手,,,,,,,,0,0,,,,,,,,,,,,,,,
8002,HLIF_AVOID,輕捷移動,,,,,,,,0,0,,,,,,,,,,,,,,,
8003,HLIF_BRAIN,腦手術,,,,,,,,0,0,,,,,,,,,,,,,,,
8004,HLIF_CHANGE,智力變換,,,,,,,,0,0,,,,,,,,,,,,,,,
8005,HAMI_CASTLE,位置互換,,,,,,,,0,0,,,,,,,,,,,,,,,
8006,HAMI_DEFENCE,防禦力,,,,,,,,0,0,,,,,,,,,,,,,,,
8007,HAMI_SKIN,活命之膚,,,,,,,,0,0,,,,,,,,,,,,,,,
8008,HAMI_BLOODLUST,血的貪求,,,,,,,,0,0,,,,,,,,,,,,,,,
8009,HFLI_MOON,月光,,,,,,,,0,0,,,,,,,,,,,,,,,
8010,HFLI_FLEET,橫越速度,,,,,,,,0,0,,,,,,,,,,,,,,,
8011,HFLI_SPEED,緊急迴避,,,,,,,,0,0,,,,,,,,,,,,,,,
8012,HFLI_SBR44,S.B.R.44,,,,,,,,0,0,,,,,,,,,,,,,,,
8013,HVAN_CAPRICE,善變,,,,,,,,0,0,,,,,,,,,,,,,,,
8014,HVAN_CHAOTIC,混亂的祈福,,,,,,,,0,0,,,,,,,,,,,,,,,
8015,HVAN_INSTRUCT,變更指示,,,,,,,,0,0,,,,,,,,,,,,,,,
8016,HVAN_EXPLOSION,生物爆炸,,,,,,,,0,0,,,,,,,,,,,,,,,
8018,MH_SUMMON_LEGION,召喚蟲團,,,,,,,,0,0,,,,,,,,,,,,,,,
8019,MH_NEEDLE_OF_PARALYZE,麻痺針,,,,,,,,0,0,,,,,,,,,,,,,,,
8020,MH_POISON_MIST,劇毒粉,,,,,,,,0,0,,,,,,,,,,,,,,,
8021,MH_PAIN_KILLER,鎮痛劑,,,,,,,,0,0,,,,,,,,,,,,,,,
8022,MH_LIGHT_OF_REGENE,重生之光,,,,,,,,0,0,,,,,,,,,,,,,,,
8023,MH_OVERED_BOOST,瞬間增壓,,,,,,,,0,0,,,,,,,,,,,,,,,
8024,MH_ERASER_CUTTER,音速刀刃,,,,,,,,0,0,,,,,,,,,,,,,,,
8025,MH_XENO_SLASHER,血腥魔刀,,,,,,,,0,0,,,,,,,,,,,,,,,
8026,MH_SILENT_BREEZE,沉默微風,,,,,,,,0,0,,,,,,,,,,,,,,,
8027,MH_STYLE_CHANGE,轉換型態,,,,,,,,0,0,,,,,,,,,,,,,,,
8028,MH_SONIC_CRAW,音速利爪,,,,,,,,0,0,,,,,,,,,,,,,,,
8029,MH_SILVERVEIN_RUSH,銀脈衝擊,,,,,,,,0,0,,,,,,,,,,,,,,,
8030,MH_MIDNIGHT_FRENZY,午夜狂暴,,,,,,,,0,0,,,,,,,,,,,,,,,
8031,MH_STAHL_HORN,鋼鐵之角,,,,,,,,0,0,,,,,,,,,,,,,,,
8032,MH_GOLDENE_FERSE,黃金腳跟,,,,,,,,0,0,,,,,,,,,,,,,,,
8033,MH_STEINWAND,岩壁,,,,,,,,0,0,,,,,,,,,,,,,,,
8034,MH_HEILIGE_STANGE,聖刺,,,,,,,,0,0,,,,,,,,,,,,,,,
8035,MH_ANGRIFFS_MODUS,攻擊準備,,,,,,,,0,0,,,,,,,,,,,,,,,
8036,MH_TINDER_BREAKER,粉碎骨折,,,,,,,,0,0,,,,,,,,,,,,,,,
8037,MH_CBC,連續突破組合,,,,,,,,0,0,,,,,,,,,,,,,,,
8038,MH_EQC,永恆快速組合,,,,,,,,0,0,,,,,,,,,,,,,,,
8039,MH_MAGMA_FLOW,岩漿流動,,,,,,,,0,0,,,,,,,,,,,,,,,
8040,MH_GRANITIC_ARMOR,花崗岩鎧甲,,,,,,,,0,0,,,,,,,,,,,,,,,
8041,MH_LAVA_SLIDE,熔岩滑動,,,,,,,,0,0,,,,,,,,,,,,,,,
8042,MH_PYROCLASTIC,火山塵暴,,,,,,,,0,0,,,,,,,,,,,,,,,
8043,MH_VOLCANIC_ASH,火山灰,,,,,,,,0,0,,,,,,,,,,,,,,,
8044,MH_BLAST_FORGE,毀滅熔爐,,,,,,,,0,0,,,,,,,,,,,,,,,
8045,MH_TEMPERING,回火,,,,,,,,0,0,,,,,,,,,,,,,,,
8046,MH_CLASSY_FLUTTER,優雅振翅,,,,,,,,0,0,,,,,,,,,,,,,,,
8047,MH_TWISTER_CUTTER,颶風刀刃,,,,,,,,0,0,,,,,,,,,,,,,,,
8048,MH_ABSOLUTE_ZEPHYR,絕對微風,,,,,,,,0,0,,,,,,,,,,,,,,,
8049,MH_BRUSHUP_CLAW,鉤爪升級,,,,,,,,0,0,,,,,,,,,,,,,,,
8050,MH_BLAZING_AND_FURIOUS,烈焰狂怒,,,,,,,,0,0,,,,,,,,,,,,,,,
8051,MH_THE_ONE_FIGHTER_RISES,鬥士崛起,,,,,,,,0,0,,,,,,,,,,,,,,,
8052,MH_POLISHING_NEEDLE,拋光針,,,,,,,,0,0,,,,,,,,,,,,,,,
8053,MH_TOXIN_OF_MANDARA,曼陀羅劇毒,,,,,,,,0,0,,,,,,,,,,,,,,,
8054,MH_NEEDLE_STINGER,奪命刺針,,,,,,,,0,0,,,,,,,,,,,,,,,
8055,MH_LICHT_GEHORN,極光之角,,,,,,,,0,0,,,,,,,,,,,,,,,
8056,MH_GLANZEN_SPIES,間諜標槍,,,,,,,,0,0,,,,,,,,,,,,,,,
8057,MH_HEILIGE_PFERD,聖馬,,,,,,,,0,0,,,,,,,,,,,,,,,
8058,MH_GOLDENE_TONE,黃金音調,,,,,,,,0,0,,,,,,,,,,,,,,,
8059,MH_BLAZING_LAVA,炙熱熔岩,,,,,,,,0,0,,,,,,,,,,,,,,,
8201,MS_BASH,狂擊,,,,,,,,0,0,,,,,,,,,,,,,,,
8202,MS_MAGNUM,怒爆,,,,,,,,0,0,,,,,,,,,,,,,,,
8203,MS_BOWLINGBASH,怪物互擊,,,,,,,,0,0,,,,,,,,,,,,,,,
8204,MS_PARRYING,雙劍挌擋,,,,,,,,0,0,,,,,,,,,,,,,,,
8205,MS_REFLECTSHIELD,反射盾,,,,,,,,0,0,,,,,,,,,,,,,,,
8206,MS_BERSERK,狂怒之槍,,,,,,,,0,0,,,,,,,,,,,,,,,
8207,MA_DOUBLE,二連矢,,,,,,,,0,0,,,,,,,,,,,,,,,
8208,MA_SHOWER,箭雨 ,,,,,,,,0,0,,,,,,,,,,,,,,,
8209,MA_SKIDTRAP,滑動陷阱,,,,,,,,0,0,,,,,,,,,,,,,,,
8210,MA_LANDMINE,地雷陷阱,,,,,,,,0,0,,,,,,,,,,,,,,,
8211,MA_SANDMAN,睡魔陷阱,,,,,,,,0,0,,,,,,,,,,,,,,,
8212,MA_FREEZINGTRAP,霜凍陷阱,,,,,,,,0,0,,,,,,,,,,,,,,,
8213,MA_REMOVETRAP,陷阱移除,,,,,,,,0,0,,,,,,,,,,,,,,,
8214,MA_CHARGEARROW,衝鋒箭,,,,,,,,0,0,,,,,,,,,,,,,,,
8215,MA_SHARPSHOOTING,銳利射擊,,,,,,,,0,0,,,,,,,,,,,,,,,
8216,ML_PIERCE,連刺攻擊,,,,,,,,0,0,,,,,,,,,,,,,,,
8217,ML_BRANDISH,騎乘攻擊,,,,,,,,0,0,,,,,,,,,,,,,,,
8218,ML_SPIRALPIERCE,螺旋擊刺,,,,,,,,0,0,,,,,,,,,,,,,,,
8219,ML_DEFENDER,光之盾,,,,,,,,0,0,,,,,,,,,,,,,,,
8220,ML_AUTOGUARD,自動防禦,,,,,,,,0,0,,,,,,,,,,,,,,,
8221,ML_DEVOTION,犧牲,,,,,,,,0,0,,,,,,,,,,,,,,,
8222,MER_MAGNIFICAT,莫納的祝福,,,,,,,,0,0,,,,,,,,,,,,,,,
8223,MER_QUICKEN,加速武器,,,,,,,,0,0,,,,,,,,,,,,,,,
8224,MER_SIGHT,火狩,,,,,,,,0,0,,,,,,,,,,,,,,,
8225,MER_CRASH,撞擊,,,,,,,,0,0,,,,,,,,,,,,,,,
8226,MER_REGAIN,恢復,,,,,,,,0,0,,,,,,,,,,,,,,,
8227,MER_TENDER,補給,,,,,,,,0,0,,,,,,,,,,,,,,,
8228,MER_BENEDICTION,祝福,,,,,,,,0,0,,,,,,,,,,,,,,,
8229,MER_RECUPERATE,復原,,,,,,,,0,0,,,,,,,,,,,,,,,
8230,MER_MENTALCURE,精神治癒,,,,,,,,0,0,,,,,,,,,,,,,,,
8231,MER_COMPRESS,壓制,,,,,,,,0,0,,,,,,,,,,,,,,,
8232,MER_PROVOKE,挑釁,,,,,,,,0,0,,,,,,,,,,,,,,,
8233,MER_AUTOBERSERK,狂暴狀態,,,,,,,,0,0,,,,,,,,,,,,,,,
8234,MER_DECAGI,緩速術,,,,,,,,0,0,,,,,,,,,,,,,,,
8235,MER_SCAPEGOAT,替罪羔羊,,,,,,,,0,0,,,,,,,,,,,,,,,
8236,MER_LEXDIVINA,沉默之術,,,,,,,,0,0,,,,,,,,,,,,,,,
8237,MER_ESTIMATION,怪物情報,,,,,,,,0,0,,,,,,,,,,,,,,,
8238,MER_KYRIE,霸邪之陣,,,,,,,,0,0,,,,,,,,,,,,,,,
8239,MER_BLESSING,天使之賜福,,,,,,,,0,0,,,,,,,,,,,,,,,
8240,MER_INCAGI,加速術,,,,,,,,0,0,,,,,,,,,,,,,,,
8241,MER_INVINCIBLEOFF2,心靈淨化,,,,,,,,0,0,,,,,,,,,,,,,,,
8401,EL_CIRCLE_OF_FIRE,烈焰之環,,,,,,,,0,0,,,,,,,,,,,,,,,
8402,EL_FIRE_CLOAK,火焰斗篷,,,,,,,,0,0,,,,,,,,,,,,,,,
8403,EL_FIRE_MANTLE,火焰披風,,,,,,,,0,0,,,,,,,,,,,,,,,
8404,EL_WATER_SCREEN,水之守護,,,,,,,,0,0,,,,,,,,,,,,,,,
8405,EL_WATER_DROP,大豪雨,,,,,,,,0,0,,,,,,,,,,,,,,,
8406,EL_WATER_BARRIER,水之屏障,,,,,,,,0,0,,,,,,,,,,,,,,,
8407,EL_WIND_STEP,風之閃現,,,,,,,,0,0,,,,,,,,,,,,,,,
8408,EL_WIND_CURTAIN,風之魂,,,,,,,,0,0,,,,,,,,,,,,,,,
8409,EL_ZEPHYR,風之結界,,,,,,,,0,0,,,,,,,,,,,,,,,
8410,EL_SOLID_SKIN,皮膚固化,,,,,,,,0,0,,,,,,,,,,,,,,,
8411,EL_STONE_SHIELD,岩石盾,,,,,,,,0,0,,,,,,,,,,,,,,,
8412,EL_POWER_OF_GAIA,天神下凡,,,,,,,,0,0,,,,,,,,,,,,,,,
8413,EL_PYROTECHNIC,烈焰強化,,,,,,,,0,0,,,,,,,,,,,,,,,
8414,EL_HEATER,急速升溫,,,,,,,,0,0,,,,,,,,,,,,,,,
8415,EL_TROPIC,灼熱地帶,,,,,,,,0,0,,,,,,,,,,,,,,,
8416,EL_AQUAPLAY,冰封領域,,,,,,,,0,0,,,,,,,,,,,,,,,
8417,EL_COOLER,急速降溫,,,,,,,,0,0,,,,,,,,,,,,,,,
8418,EL_CHILLY_AIR,絕對零度,,,,,,,,0,0,,,,,,,,,,,,,,,
8419,EL_GUST,雷電強化,,,,,,,,0,0,,,,,,,,,,,,,,,
8420,EL_BLAST,風暴衝擊,,,,,,,,0,0,,,,,,,,,,,,,,,
8421,EL_WILD_STORM,荒野風暴,,,,,,,,0,0,,,,,,,,,,,,,,,
8422,EL_PETROLOGY,岩石領域,,,,,,,,0,0,,,,,,,,,,,,,,,
8423,EL_CURSED_SOIL,詛咒之地,,,,,,,,0,0,,,,,,,,,,,,,,,
8424,EL_UPHEAVAL,天崩地裂,,,,,,,,0,0,,,,,,,,,,,,,,,
8425,EL_FIRE_ARROW,火箭,,,,,,,,0,0,,,,,,,,,,,,,,,
8426,EL_FIRE_BOMB,火焰炸彈,,,,,,,,0,0,,,,,,,,,,,,,,,
8427,EL_FIRE_BOMB_ATK,火焰炸彈_ATK,,,,,,,,0,0,,,,,,,,,,,,,,,
8428,EL_FIRE_WAVE,火焰衝擊波,,,,,,,,0,0,,,,,,,,,,,,,,,
8429,EL_FIRE_WAVE_ATK,火焰衝擊波_ATK,,,,,,,,0,0,,,,,,,,,,,,,,,
8430,EL_ICE_NEEDLE,冰針,,,,,,,,0,0,,,,,,,,,,,,,,,
8431,EL_WATER_SCREW,螺旋水波,,,,,,,,0,0,,,,,,,,,,,,,,,
8432,EL_WATER_SCREW_ATK,螺旋水波_ATK,,,,,,,,0,0,,,,,,,,,,,,,,,
8433,EL_TIDAL_WEAPON,海嘯武器,,,,,,,,0,0,,,,,,,,,,,,,,,
8434,EL_WIND_SLASH,風之刃,,,,,,,,0,0,,,,,,,,,,,,,,,
8435,EL_HURRICANE,颶風肆虐,,,,,,,,0,0,,,,,,,,,,,,,,,
8436,EL_HURRICANE_ATK,颶風肆虐_ATK,,,,,,,,0,0,,,,,,,,,,,,,,,
8437,EL_TYPOON_MIS,颱風飛彈,,,,,,,,0,0,,,,,,,,,,,,,,,
8438,EL_TYPOON_MIS_ATK,颱風飛彈_ATK,,,,,,,,0,0,,,,,,,,,,,,,,,
8439,EL_STONE_HAMMER,石錘,,,,,,,,0,0,,,,,,,,,,,,,,,
8440,EL_ROCK_CRUSHER,碎石,,,,,,,,0,0,,,,,,,,,,,,,,,
8441,EL_ROCK_CRUSHER_ATK,碎石_ATK,,,,,,,,0,0,,,,,,,,,,,,,,,
8442,EL_STONE_RAIN,岩石風暴,,,,,,,,0,0,,,,,,,,,,,,,,,
8443,EM_EL_FLAMETECHNIC,火焰神技,,,,,,,,0,0,,,,,,,,,,,,,,,
8444,EM_EL_FLAMEARMOR,火焰鎧甲,,,,,,,,0,0,,,,,,,,,,,,,,,
8445,EM_EL_FLAMEROCK,火焰隕石,,,,,,,,0,0,,,,,,,,,,,,,,,
8446,EM_EL_COLD_FORCE,冰凍先鋒,,,,,,,,0,0,,,,,,,,,,,,,,,
8447,EM_EL_CRYSTAL_ARMOR,冰晶鎧甲,,,,,,,,0,0,,,,,,,,,,,,,,,
8448,EM_EL_AGE_OF_ICE,冰河時代,,,,,,,,0,0,,,,,,,,,,,,,,,
8449,EM_EL_GRACE_BREEZE,恩典微風,,,,,,,,0,0,,,,,,,,,,,,,,,
8450,EM_EL_EYES_OF_STORM,暴風眼,,,,,,,,0,0,,,,,,,,,,,,,,,
8451,EM_EL_STORM_WIND,暴風,,,,,,,,0,0,,,,,,,,,,,,,,,
8452,EM_EL_EARTH_CARE,守護大地,,,,,,,,0,0,,,,,,,,,,,,,,,
8453,EM_EL_STRONG_PROTECTION,強韌防衛,,,,,,,,0,0,,,,,,,,,,,,,,,
8454,EM_EL_AVALANCHE,山崩,,,,,,,,0,0,,,,,,,,,,,,,,,
8455,EM_EL_DEEP_POISONING,深度中毒,,,,,,,,0,0,,,,,,,,,,,,,,,
8456,EM_EL_POISON_SHIELD,劇毒護盾,,,,,,,,0,0,,,,,,,,,,,,,,,
8457,EM_EL_DEADLY_POISON,致命猛毒,,,,,,,,0,0,,,,,,,,,,,,,,,
8601,ABR_BATTLE_BUSTER,決戰破壞者,,,,,,,,0,0,,,,,,,,,,,,,,,
8602,ABR_DUAL_CANNON_FIRE,雙子加農砲火,,,,,,,,0,0,,,,,,,,,,,,,,,
8603,ABR_NET_REPAIR,修復網,,,,,,,,0,0,,,,,,,,,,,,,,,
8604,ABR_NET_SUPPORT,支援網,,,,,,,,0,0,,,,,,,,,,,,,,,
8605,ABR_INFINITY_BUSTER,無穹破壞者,,,,,,,,0,0,,,,,,,,,,,,,,,
170,NPC_CRITICALSLASH,無視防禦攻擊,,,,,,,,,,,,,,,,,,,,,,,,
172,NPC_GUIDEDATTACK,誘導攻擊,,,,,,,,,,,,,,,,,,,,,,,,
181,NPC_CURSEATTACK,詛咒攻擊,,,,,,,,,,,,,,,,,,,,,,,,
186,NPC_FIREATTACK,火屬性攻擊,,,,,,,,,,,,,,,,,,,,,,,,
190,NPC_DARKNESSATTACK,暗屬性攻擊,,,,,,,,,,,,,,,,,,,,,,,,
203,NPC_DARKBLESSING,暗黑之賜福,,,,,,,,0,0,,,,,,,,,,,,,,,
205,NPC_DEFENDER,光之盾,,,,,,,,0,0,,,,,,,,,,,,,,,
578,DE_BERSERKAIZER,狂暴化,,,,,,,,0,0,,,,,,,,,,,,,,,
579,DA_DARKPOWER,黑暗靈魂之力,,,,,,,,0,0,,,,,,,,,,,,,,,
580,DE_PASSIVE,Death 被動,,,,,,,,0,0,,,,,,,,,,,,,,,
581,DE_PATTACK,Death 襲擊被動,,,,,,,,0,0,,,,,,,,,,,,,,,
582,DE_PSPEED,Death 加速被動,,,,,,,,0,0,,,,,,,,,,,,,,,
583,DE_PDEFENSE,Death 防禦被動,,,,,,,,0,0,,,,,,,,,,,,,,,
584,DE_PCRITICAL,Death 暴擊被動,,,,,,,,0,0,,,,,,,,,,,,,,,
585,DE_PHP,Death 恢復被動,,,,,,,,0,0,,,,,,,,,,,,,,,
586,DE_PSP,Death 魔力被動,,,,,,,,0,0,,,,,,,,,,,,,,,
587,DE_RESET,Death 強化,,,,,,,,0,0,,,,,,,,,,,,,,,
588,DE_RANKING,Death 排列被動,,,,,,,,0,0,,,,,,,,,,,,,,,
589,DE_PTRIPLE,Death 三倍被動,,,,,,,,0,0,,,,,,,,,,,,,,,
590,DE_ENERGY,<死亡騎士>能量,,,,,,,,0,0,,,,,,,,,,,,,,,
591,DE_NIGHTMARE,<死亡騎士>夢魘,,,,,,,,0,0,,,,,,,,,,,,,,,
592,DE_SLASH,<死亡騎士>揮砍,,,,,,,,0,0,,,,,,,,,,,,,,,
593,DE_COIL,<死亡騎士>纏繞,,,,,,,,0,0,,,,,,,,,,,,,,,
594,DE_WAVE,<死亡騎士>衝擊波,,,,,,,,0,0,,,,,,,,,,,,,,,
595,DE_REBIRTH,<死亡騎士>能量重生,,,,,,,,0,0,,,,,,,,,,,,,,,
596,DE_AURA,<死亡騎士>靈氣,,,,,,,,0,0,,,,,,,,,,,,,,,
597,DE_FREEZER,<死亡騎士>凍結,,,,,,,,0,0,,,,,,,,,,,,,,,
598,DE_CHANGEATTACK,<死亡騎士>轉換攻擊,,,,,,,,0,0,,,,,,,,,,,,,,,
599,DE_PUNISH,<死亡騎士>懲罰,,,,,,,,0,0,,,,,,,,,,,,,,,
600,DE_POISON,<死亡騎士>劇毒刀刃,,,,,,,,0,0,,,,,,,,,,,,,,,
601,DE_INSTANT,<死亡騎士>緊急屏障,,,,,,,,0,0,,,,,,,,,,,,,,,
602,DE_WARNING,<死亡騎士>警告,,,,,,,,0,0,,,,,,,,,,,,,,,
603,DE_RANKEDKNIFE,<死亡騎士>排刀,,,,,,,,0,0,,,,,,,,,,,,,,,
604,DE_RANKEDGRADIUS,<死亡騎士>排射,,,,,,,,0,0,,,,,,,,,,,,,,,
605,DE_GAUGE,<死亡騎士>領域,,,,,,,,0,0,,,,,,,,,,,,,,,
606,DE_GTIME,<死亡騎士>時間衝擊,,,,,,,,0,0,,,,,,,,,,,,,,,
607,DE_GPAIN,死亡騎士<痛苦衝擊>,,,,,,,,0,0,,,,,,,,,,,,,,,
608,DE_GSKILL,<死亡騎士>技能衝擊,,,,,,,,0,0,,,,,,,,,,,,,,,
609,DE_GKILL,<死亡騎士>死亡衝擊,,,,,,,,0,0,,,,,,,,,,,,,,,
610,DE_ACCEL,<死亡騎士>加速,,,,,,,,0,0,,,,,,,,,,,,,,,
611,DE_BLOCKDOUBLE,<死亡騎士>雙重防禦,,,,,,,,0,0,,,,,,,,,,,,,,,
612,DE_BLOCKMELEE,<死亡騎士>近身防禦,,,,,,,,0,0,,,,,,,,,,,,,,,
613,DE_BLOCKFAR,<死亡騎士>遠程防禦,,,,,,,,0,0,,,,,,,,,,,,,,,
614,DE_FRONTATTACK,<死亡騎士>前方攻擊,,,,,,,,0,0,,,,,,,,,,,,,,,
615,DE_DANGERATTACK,<死亡騎士>威脅攻擊,,,,,,,,0,0,,,,,,,,,,,,,,,
616,DE_TWINATTACK,<死亡騎士>危險攻擊,,,,,,,,0,0,,,,,,,,,,,,,,,
617,DE_WINDATTACK,<死亡騎士>暴風攻擊,,,,,,,,0,0,,,,,,,,,,,,,,,
618,DE_WATERATTACK,<死亡騎士>水攻擊,,,,,,,,0,0,,,,,,,,,,,,,,,
653,NPC_EARTHQUAKE,地震連繫,,,,,,,,,,,,,,,,,,,,,,,,
659,NPC_DRAGONFEAR,天龍恐懼,,,,,,,,,,,,,,,,,,,,,,,,
661,NPC_PULSESTRIKE,脈震衝撞,,,,,,,,,,,,,,,,,,,,,,,,
662,NPC_HELLJUDGEMENT,死亡天譴,,,,,,,,,,,,,,,,,,,,,,,,
663,NPC_WIDESILENCE,廣範圍沉默,,,,,,,,,,,,,,,,,,,,,,,,
664,NPC_WIDEFREEZE,廣範圍冰凍,,,,,,,,,,,,,,,,,,,,,,,,
665,NPC_WIDEBLEEDING,廣範圍出血,,,,,,,,,,,,,,,,,,,,,,,,
666,NPC_WIDESTONE,廣範圍石化,,,,,,,,,,,,,,,,,,,,,,,,
667,NPC_WIDECONFUSE,廣範圍混亂,,,,,,,,,,,,,,,,,,,,,,,,
668,NPC_WIDESLEEP,廣範圍睡眠,,,,,,,,,,,,,,,,,,,,,,,,
669,NPC_WIDESIGHT,廣範圍火狩,,,,,,,,,,,,,,,,,,,,,,,,
670,NPC_EVILLAND,邪降,,,,,,,,,,,,,,,,,,,,,,,,
671,NPC_MAGICMIRROR,魔鏡,,,,,,,,,,,,,,,,,,,,,,,,
672,NPC_SLOWCAST,減緩詠唱,,,,,,,,,,,,,,,,,,,,,,,,
673,NPC_CRITICALWOUND,致命傷口,,,,,,,,,,,,,,,,,,,,,,,,
675,NPC_STONESKIN,鋼筋鐵骨,,,,,,,,,,,,,,,,,,,,,,,,
676,NPC_ANTIMAGIC,反魔法,,,,,,,,,,,,,,,,,,,,,,,,
677,NPC_WIDECURSE,廣範圍詛咒,,,,,,,,,,,,,,,,,,,,,,,,
678,NPC_WIDESTUN,廣範圍暈眩,,,,,,,,,,,,,,,,,,,,,,,,
679,NPC_VAMPIRE_GIFT,吸血鬼接觸,,,,,,,,,,,,,,,,,,,,,,,,
680,NPC_WIDESOULDRAIN,法力燃燒,,,,,,,,,,,,,,,,,,,,,,,,
681,ALL_INCCARRY,負重量上升R,,,,,,,,,,,,,,,,,,,,,,,,
683,NPC_HELLPOWER,地獄之權能,,,,,,,,,,,,,,,,,,,,,,,,
687,NPC_ALLHEAL,生命之流,,,,,,,,,,,,,,,,,,,,,,,,
688,GM_SANDMAN,搖籃曲,,,,,,,,,,,,,,,,,,,,,,,,
692,ALL_CATCRY,怪獸的咆哮,,,,,,,,,,,,,,,,,,,,,,,,
693,ALL_PARTYFLEE,吹吧! 花信風!!,,,,,,,,,,,,,,,,,,,,,,,,
694,ALL_ANGEL_PROTECT,感謝您!,,,,,,,,,,,,,,,,,,,,,,,,
695,ALL_DREAM_SUMMERNIGHT,仲夏夜之夢,,,,,,,,,,,,,,,,,,,,,,,,
697,ALL_REVERSEORCISH,變成獸人面孔,,,,,,,,,,,,,,,,,,,,,,,,
698,ALL_WEWISH,ALL_WEWISH,,,,,,,,,,,,,,,,,,,,,,,,
700,NPC_WIDEHEALTHFEAR,廣範圍恐怖,,,,,,,,,,,,,,,,,,,,,,,,
701,NPC_WIDEBODYBURNNING,廣範圍著火,,,,,,,,,,,,,,,,,,,,,,,,
702,NPC_WIDEFROSTMISTY,廣範圍冰封,,,,,,,,,,,,,,,,,,,,,,,,
703,NPC_WIDECOLD,廣範圍冷凍,,,,,,,,,,,,,,,,,,,,,,,,
704,NPC_WIDE_DEEP_SLEEP,廣範圍沉睡,,,,,,,,,,,,,,,,,,,,,,,,
705,NPC_WIDESIREN,廣範圍蠱惑,,,,,,,,,,,,,,,,,,,,,,,,
706,NPC_VENOMFOG,毒霧,,,,,,,,,,,,,,,,,,,,,,,,
707,NPC_MILLENNIUMSHIELD,千年神盾,,,,,,,,,,,,,,,,,,,,,,,,
708,NPC_COMET,流星雨,,,,,,,,,,,,,,,,,,,,,,,,
709,NPC_ICEMINE,寒冰地雷,,,,,,,,,,,,,,,,,,,,,,,,
711,NPC_FLAMECROSS,火焰十字架,,,,,,,,,,,,,,,,,,,,,,,,
712,NPC_PULSESTRIKE2,脈震衝撞,,,,,,,,,,,,,,,,,,,,,,,,
716,NPC_MAXPAIN,極限痛苦,,,,,,,,,,,,,,,,,,,,,,,,
717,NPC_MAXPAIN_ATK,極限痛苦,,,,,,,,,,,,,,,,,,,,,,,,
720,NPC_JACKFROST,冰凍穿孔,,,,,,,,,,,,,,,,,,,,,,,,
721,NPC_WIDEWEB,廣範圍易燃之網,,,,,,,,,,,,,,,,,,,,,,,,
722,NPC_WIDESUCK,廣範圍吸血,,,,,,,,,,,,,,,,,,,,,,,,
723,NPC_STORMGUST2,暴風雪,,,,,,,,,,,,,,,,,,,,,,,,
724,NPC_FIRESTORM,火焰風暴,,,,,,,,,,,,,,,,,,,,,,,,
727,NPC_LEX_AETERNA,廣泛天使之怒,,,,,,,,,,,,,,,,,,,,,,,,
730,NPC_SR_CURSEDCIRCLE,咒縛陣,,,,,,,,,,,,,,,,,,,,,,,,
731,NPC_DRAGONBREATH,龍之氣息,,,,,,,,,,,,,,,,,,,,,,,,
732,NPC_FATALMENACE,致命威脅,,,,,,,,,,,,,,,,,,,,,,,,
733,NPC_MAGMA_ERUPTION,岩漿噴發,,,,,,,,,,,,,,,,,,,,,,,,
735,NPC_MANDRAGORA,曼陀羅魔花的尖叫,,,,,,,,,,,,,,,,,,,,,,,,
736,NPC_PSYCHIC_WAVE,超自然波,,,,,,,,,,,,,,,,,,,,,,,,
737,NPC_RAYOFGENESIS,創世之光,,,,,,,,,,,,,,,,,,,,,,,,
739,NPC_CLOUD_KILL,雲殺,,,,,,,,,,,,,,,,,,,,,,,,
740,NPC_IGNITIONBREAK,致命爆裂,,,,,,,,,,,,,,,,,,,,,,,,
741,NPC_PHANTOMTHRUST,幻象突刺,,,,,,,,,,,,,,,,,,,,,,,,
743,NPC_HALLUCINATIONWALK,幻影步,,,,,,,,,,,,,,,,,,,,,,,,
744,NPC_ELECTRICWALK,電流步,,,,,,,,,,,,,,,,,,,,,,,,
745,NPC_FIREWALK,火焰步,,,,,,,,,,,,,,,,,,,,,,,,
747,NPC_LEASH,亡靈掌心,,,,,,,,,,,,,,,,,,,,,,,,
748,NPC_WIDELEASH,廣範圍亡靈掌心,,,,,,,,,,,,,,,,,,,,,,,,
750,NPC_EARTHQUAKE_K,地震連繫,,,,,,,,,,,,,,,,,,,,,,,,
751,NPC_ALL_STAT_DOWN,全素質下降,,,,,,,,,,,,,,,,,,,,,,,,
752,NPC_GRADUAL_GRAVITY,重力增加,,,,,,,,,,,,,,,,,,,,,,,,
753,NPC_DAMAGE_HEAL,轉禍為福,,,,,,,,,,,,,,,,,,,,,,,,
754,NPC_IMMUNE_PROPERTY,屬性免疫,,,,,,,,,,,,,,,,,,,,,,,,
755,NPC_MOVE_COORDINATE,位置轉換,,,,,,,,,,,,,,,,,,,,,,,,
768,NPC_HELLJUDGEMENT2,惡魔死亡天譴,,,,,,,,,,,,,,,,,,,,,,,,
774,NPC_LOCKON_LASER_ATK,天神憤怒,,,,,,,,,,,,,,,,,,,,,,,,
775,NPC_SEEDTRAP,白草炸彈,,,,,,,,,,,,,,,,,,,,,,,,
779,NPC_DEADLYCURSE2,廣域致命魔咒,,,,,,,,,,,,,,,,,,,,,,,,
783,NPC_KILLING_AURA,殺戮光環,,,,,,,,,,,,,,,,,,,,,,,,
784,All_EVENT_20TH_ANNIVERSARY,RO 20週年鞭炮,,,,,,,,,,,,,,,,,,,,,,,,
786,NPC_AIMED_SHOWER,瞄準洗禮,,,,,,,,,,,,,,,,,,,,,,,,
